"Year","Week","epiweek","WeekStart","WeekMid","WeekEnd","enso","iod","pdo","num_days"
2009,52,200952,2009-12-27,2009-12-31,2010-01-02,1.31682931377551,-0.078629112244898,-0.227111507653061,7
2010,1,201001,2010-01-03,2010-01-07,2010-01-09,1.20971924489796,-0.418311918367347,-0.0108807551020408,7
2010,2,201002,2010-01-10,2010-01-14,2010-01-16,1.08542317346939,-0.468480826530612,0.136784744897959,7
2010,3,201003,2010-01-17,2010-01-21,2010-01-23,0.990825571428571,-0.272371571428571,0.0763984285714286,7
2010,4,201004,2010-01-24,2010-01-28,2010-01-30,1.06997614285714,-0.0708915714285714,0.223252,7
2010,5,201005,2010-01-31,2010-02-04,2010-02-06,1.250612,0.11774725,0.200356,7
2010,6,201006,2010-02-07,2010-02-11,2010-02-13,1.3043212244898,0.426537709183673,-0.0485444285714286,7
2010,7,201007,2010-02-14,2010-02-18,2010-02-20,1.23595763265306,0.65057512244898,-0.0768893877551021,7
2010,8,201008,2010-02-21,2010-02-25,2010-02-27,1.13622314285714,0.708786918367347,0.0214221734693878,7
2010,9,201009,2010-02-28,2010-03-04,2010-03-06,1.11512514285714,0.724325142857143,-0.188443571428571,7
2010,10,201010,2010-03-07,2010-03-11,2010-03-13,1.0087175,0.601349375,-0.2840185,7
2010,11,201011,2010-03-14,2010-03-18,2010-03-20,0.902085765306123,0.393465451530612,-0.157884540816327,7
2010,12,201012,2010-03-21,2010-03-25,2010-03-27,0.793137510204082,0.117345081632653,-0.224395612244898,7
2010,13,201013,2010-03-28,2010-04-01,2010-04-03,0.720778081632653,0.087081306122449,-0.478150775510204,7
2010,14,201014,2010-04-04,2010-04-08,2010-04-10,0.688360142857143,0.203900142857143,-0.215637142857143,7
2010,15,201015,2010-04-11,2010-04-15,2010-04-17,0.588105857142857,0.0251567142857143,-0.150948714285714,7
2010,16,201016,2010-04-18,2010-04-22,2010-04-24,0.4481005,-0.119248375,-0.3304745,7
2010,17,201017,2010-04-25,2010-04-29,2010-05-01,0.326065051020408,0.017891568877551,-0.339065826530612,7
2010,18,201018,2010-05-02,2010-05-06,2010-05-08,0.192026020408163,0.393548326530612,-0.296729489795918,7
2010,19,201019,2010-05-09,2010-05-13,2010-05-15,0.0904732857142857,0.171188051020408,-0.349140755102041,7
2010,20,201020,2010-05-16,2010-05-20,2010-05-22,-0.0616787142857143,-0.167801571428571,-0.380081857142857,7
2010,21,201021,2010-05-23,2010-05-27,2010-05-29,-0.190070142857143,-0.245319857142857,-0.248326857142857,7
2010,22,201022,2010-05-30,2010-06-03,2010-06-05,-0.327000625,-0.016080375,-0.08788125,7
2010,23,201023,2010-06-06,2010-06-10,2010-06-12,-0.487155875,0.265470956632653,-0.190028096938776,7
2010,24,201024,2010-06-13,2010-06-17,2010-06-19,-0.541508204081633,0.436667204081633,-0.285693306122449,7
2010,25,201025,2010-06-20,2010-06-24,2010-06-26,-0.543588010204082,0.587224928571428,-0.267107489795918,7
2010,26,201026,2010-06-27,2010-07-01,2010-07-03,-0.628492714285714,0.496185857142857,-0.333810571428571,7
2010,27,201027,2010-07-04,2010-07-08,2010-07-10,-0.755552875,0.14265775,-0.29930825,7
2010,28,201028,2010-07-11,2010-07-15,2010-07-17,-0.756270461734694,0.0234588418367347,-0.15862362755102,7
2010,29,201029,2010-07-18,2010-07-22,2010-07-24,-0.751727571428571,0.023926,-0.0819190408163265,7
2010,30,201030,2010-07-25,2010-07-29,2010-07-31,-0.874630234693878,-0.145246520408163,-0.261878653061224,7
2010,31,201031,2010-08-01,2010-08-05,2010-08-07,-1.03561028571429,-0.530798285714286,-0.444914142857143,7
2010,32,201032,2010-08-08,2010-08-12,2010-08-14,-1.085751,-0.607952857142857,-0.358769142857143,7
2010,33,201033,2010-08-15,2010-08-19,2010-08-21,-1.143634375,-0.7651195,-0.356115,7
2010,34,201034,2010-08-22,2010-08-26,2010-08-28,-1.21150943112245,-0.99507056122449,-0.426232428571429,7
2010,35,201035,2010-08-29,2010-09-02,2010-09-04,-1.29226271428571,-1.19031551020408,-0.451019244897959,7
2010,36,201036,2010-09-05,2010-09-09,2010-09-11,-1.36734069387755,-1.25272164285714,-0.438225897959184,7
2010,37,201037,2010-09-12,2010-09-16,2010-09-18,-1.43286528571429,-1.268319,-0.457530428571429,7
2010,38,201038,2010-09-19,2010-09-23,2010-09-25,-1.48422185714286,-1.44162571428571,-0.450047428571429,7
2010,39,201039,2010-09-26,2010-09-30,2010-10-02,-1.508036125,-1.684941375,-0.346746625,7
2010,40,201040,2010-10-03,2010-10-07,2010-10-09,-1.50292564030612,-1.93368996173469,-0.206882385204082,7
2010,41,201041,2010-10-10,2010-10-14,2010-10-16,-1.56262409183673,-2.15097316326531,-0.325612989795918,7
2010,42,201042,2010-10-17,2010-10-21,2010-10-23,-1.60130628571429,-2.25514471428571,-0.397004,7
2010,43,201043,2010-10-24,2010-10-28,2010-10-30,-1.60671742857143,-2.06061,-0.303308857142857,7
2010,44,201044,2010-10-31,2010-11-04,2010-11-06,-1.618040625,-1.892168125,-0.141667375,7
2010,45,201045,2010-11-07,2010-11-11,2010-11-13,-1.631505875,-2.00759423214286,0.0359909158163265,7
2010,46,201046,2010-11-14,2010-11-18,2010-11-20,-1.63696893877551,-2.10184506122449,-0.0160987755102041,7
2010,47,201047,2010-11-21,2010-11-25,2010-11-27,-1.63103298979592,-2.24505486734694,-0.381660408163265,7
2010,48,201048,2010-11-28,2010-12-02,2010-12-04,-1.66342157142857,-2.44549385714286,-0.702828142857143,7
2010,49,201049,2010-12-05,2010-12-09,2010-12-11,-1.65908042857143,-2.56969542857143,-0.575753571428571,7
2010,50,201050,2010-12-12,2010-12-16,2010-12-18,-1.68172,-2.601655875,-0.534096125,7
2010,51,201051,2010-12-19,2010-12-23,2010-12-25,-1.70540779591837,-2.64470833928571,-0.461165803571429,7
2010,52,201052,2010-12-26,2010-12-30,2011-01-01,-1.70297563265306,-2.8434126122449,-0.307292918367347,7
2011,1,201101,2011-01-02,2011-01-06,2011-01-08,-1.66714578571429,-3.21339203061224,-0.174449653061224,7
2011,2,201102,2011-01-09,2011-01-13,2011-01-15,-1.74034442857143,-3.241862,-0.00976757142857142,7
2011,3,201103,2011-01-16,2011-01-20,2011-01-22,-1.77888425,-3.01269725,-0.179039375,7
2011,4,201104,2011-01-23,2011-01-27,2011-01-29,-1.70836309693878,-2.61429319897959,-0.346027798469388,7
2011,5,201105,2011-01-30,2011-02-03,2011-02-05,-1.57014426530612,-2.3709532244898,-0.441615081632653,7
2011,6,201106,2011-02-06,2011-02-10,2011-02-12,-1.38877881632653,-2.50297182653061,-0.628527673469388,7
2011,7,201107,2011-02-13,2011-02-17,2011-02-19,-1.34037571428571,-2.35942585714286,-0.611001428571429,7
2011,8,201108,2011-02-20,2011-02-24,2011-02-26,-1.30878057142857,-2.17952285714286,-0.308901285714286,7
2011,9,201109,2011-02-27,2011-03-03,2011-03-05,-1.208837375,-2.027411375,-0.307521125,7
2011,10,201110,2011-03-06,2011-03-10,2011-03-12,-1.0527517372449,-1.95650692091837,-0.549902517857143,7
2011,11,201111,2011-03-13,2011-03-17,2011-03-19,-0.987044489795918,-2.01440565306122,-0.699355795918367,7
2011,12,201112,2011-03-20,2011-03-24,2011-03-26,-0.968713540816327,-2.11665376530612,-0.761265918367347,7
2011,13,201113,2011-03-27,2011-03-31,2011-04-02,-0.910582142857143,-1.881093,-0.827816428571429,7
2011,14,201114,2011-04-03,2011-04-07,2011-04-09,-0.799466142857143,-1.62710642857143,-0.809150428571429,7
2011,15,201115,2011-04-10,2011-04-14,2011-04-16,-0.7622475,-1.608172625,-0.644989375,7
2011,16,201116,2011-04-17,2011-04-21,2011-04-23,-0.731185948979592,-1.49547242602041,-0.594605614795918,7
2011,17,201117,2011-04-24,2011-04-28,2011-04-30,-0.662928265306122,-1.30398394897959,-0.826850224489796,7
2011,18,201118,2011-05-01,2011-05-05,2011-05-07,-0.586035428571429,-1.12911428571429,-0.928836857142857,7
2011,19,201119,2011-05-08,2011-05-12,2011-05-14,-0.494923857142857,-1.17256942857143,-0.799554142857143,7
2011,20,201120,2011-05-15,2011-05-19,2011-05-21,-0.41868175,-1.10349775,-0.710772125,7
2011,21,201121,2011-05-22,2011-05-26,2011-05-28,-0.381589923469388,-0.922887025510204,-0.756731415816327,7
2011,22,201122,2011-05-29,2011-06-02,2011-06-04,-0.435397040816327,-0.712056918367347,-0.837262959183674,7
2011,23,201123,2011-06-05,2011-06-09,2011-06-11,-0.533303642857143,-0.455938948979592,-0.877547857142857,7
2011,24,201124,2011-06-12,2011-06-16,2011-06-18,-0.459422571428571,-0.191809571428571,-0.962111571428571,7
2011,25,201125,2011-06-19,2011-06-23,2011-06-25,-0.36109,0.000408428571428565,-1.018807,7
2011,26,201126,2011-06-26,2011-06-30,2011-07-02,-0.377883125,-0.01078225,-1.00127625,7
2011,27,201127,2011-07-03,2011-07-07,2011-07-09,-0.477401375,-0.18536168877551,-0.957234525510204,7
2011,28,201128,2011-07-10,2011-07-14,2011-07-16,-0.466467714285714,-0.340150816326531,-0.926293326530612,7
2011,29,201129,2011-07-17,2011-07-21,2011-07-23,-0.490139428571429,-0.321381244897959,-0.946836255102041,7
2011,30,201130,2011-07-24,2011-07-28,2011-07-30,-0.571899571428572,-0.273892571428571,-0.918719857142857,7
2011,31,201131,2011-07-31,2011-08-04,2011-08-06,-0.656349571428571,-0.266098857142857,-0.994505142857143,7
2011,32,201132,2011-08-07,2011-08-11,2011-08-13,-0.61179575,-0.01056,-1.057758375,7
2011,33,201133,2011-08-14,2011-08-18,2011-08-20,-0.569216576530612,0.142696346938776,-0.951551941326531,7
2011,34,201134,2011-08-21,2011-08-25,2011-08-27,-0.551377030612245,0.32566643877551,-0.884791826530612,7
2011,35,201135,2011-08-28,2011-09-01,2011-09-03,-0.579185428571429,0.455945571428571,-0.813877428571429,7
2011,36,201136,2011-09-04,2011-09-08,2011-09-10,-0.719156714285714,0.529232,-0.726952714285714,7
2011,37,201137,2011-09-11,2011-09-15,2011-09-17,-0.841547875,0.580633,-0.835644125,7
2011,38,201138,2011-09-18,2011-09-22,2011-09-24,-0.921601237244898,0.547879265306122,-0.959996232142857,7
2011,39,201139,2011-09-25,2011-09-29,2011-10-01,-1.00066710204082,0.545877857142857,-0.834137020408163,7
2011,40,201140,2011-10-02,2011-10-06,2011-10-08,-1.04702314285714,0.516273234693878,-0.845023051020408,7
2011,41,201141,2011-10-09,2011-10-13,2011-10-15,-1.02971185714286,0.385638571428571,-0.847274285714286,7
2011,42,201142,2011-10-16,2011-10-20,2011-10-22,-0.995165285714286,0.452101857142857,-0.743995285714286,7
2011,43,201143,2011-10-23,2011-10-27,2011-10-29,-0.999881,0.449541125,-0.80862725,7
2011,44,201144,2011-10-30,2011-11-03,2011-11-05,-1.02564463265306,0.437252375,-0.925665137755102,7
2011,45,201145,2011-11-06,2011-11-10,2011-11-12,-1.02456855102041,0.580754918367347,-1.08895385714286,7
2011,46,201146,2011-11-13,2011-11-17,2011-11-19,-1.01634974489796,0.615409653061225,-1.3826201122449,7
2011,47,201147,2011-11-20,2011-11-24,2011-11-26,-1.01213528571429,0.640803571428571,-1.43476271428571,7
2011,48,201148,2011-11-27,2011-12-01,2011-12-03,-1.0367285,0.54537175,-1.2308125,7
2011,49,201149,2011-12-04,2011-12-08,2011-12-10,-1.08839533673469,0.295139066326531,-1.16136309183673,7
2011,50,201150,2011-12-11,2011-12-15,2011-12-17,-1.22538918367347,-0.0287027959183673,-1.32763730612245,7
2011,51,201151,2011-12-18,2011-12-22,2011-12-24,-1.35547362244898,-0.271838020408163,-1.53548624489796,7
2011,52,201152,2011-12-25,2011-12-29,2011-12-31,-1.40390014285714,-0.755989714285714,-1.47973314285714,7
2012,1,201201,2012-01-01,2012-01-05,2012-01-07,-1.36867285714286,-1.14585571428571,-1.20147328571429,7
2012,2,201202,2012-01-08,2012-01-12,2012-01-14,-1.363136,-1.11365628571429,-0.901723571428571,7
2012,3,201203,2012-01-15,2012-01-19,2012-01-21,-1.41136228571429,-0.927828142857143,-0.977900714285714,7
2012,4,201204,2012-01-22,2012-01-26,2012-01-28,-1.51099571428571,-0.704925285714286,-1.28033628571429,7
2012,5,201205,2012-01-29,2012-02-02,2012-02-04,-1.46084228571429,-0.688936571428571,-1.10901142857143,7
2012,6,201206,2012-02-05,2012-02-09,2012-02-11,-1.34582471428571,-0.653256714285714,-0.927220285714286,7
2012,7,201207,2012-02-12,2012-02-16,2012-02-18,-1.38439185714286,-0.439207857142857,-1.05961328571429,7
2012,8,201208,2012-02-19,2012-02-23,2012-02-25,-1.41606442857143,-0.484952714285714,-1.26863971428571,7
2012,9,201209,2012-02-26,2012-03-01,2012-03-03,-1.35936171428571,-0.590579857142857,-1.49411457142857,7
2012,10,201210,2012-03-04,2012-03-08,2012-03-10,-1.30950357142857,-0.831126571428571,-1.62860214285714,7
2012,11,201211,2012-03-11,2012-03-15,2012-03-17,-1.339853,-1.226852,-1.67665914285714,7
2012,12,201212,2012-03-18,2012-03-22,2012-03-24,-1.25871928571429,-1.50902457142857,-1.68836757142857,7
2012,13,201213,2012-03-25,2012-03-29,2012-03-31,-1.08166914285714,-1.3407,-1.66756271428571,7
2012,14,201214,2012-04-01,2012-04-05,2012-04-07,-0.949465428571429,-0.986780857142857,-1.45785871428571,7
2012,15,201215,2012-04-08,2012-04-12,2012-04-14,-0.863034571428571,-0.909128428571429,-1.33584271428571,7
2012,16,201216,2012-04-15,2012-04-19,2012-04-21,-0.801012857142857,-0.907376857142857,-1.354109,7
2012,17,201217,2012-04-22,2012-04-26,2012-04-28,-0.791430857142857,-1.09332785714286,-1.41274271428571,7
2012,18,201218,2012-04-29,2012-05-03,2012-05-05,-0.747645857142857,-1.08232785714286,-1.47941242857143,7
2012,19,201219,2012-05-06,2012-05-10,2012-05-12,-0.762864,-0.809597,-1.32924428571429,7
2012,20,201220,2012-05-13,2012-05-17,2012-05-19,-0.791985285714286,-0.823164857142857,-1.21992228571429,7
2012,21,201221,2012-05-20,2012-05-24,2012-05-26,-0.682840285714286,-0.777078857142857,-1.38498357142857,7
2012,22,201222,2012-05-27,2012-05-31,2012-06-02,-0.657790285714286,-0.733926285714286,-1.56928042857143,7
2012,23,201223,2012-06-03,2012-06-07,2012-06-09,-0.722747714285714,-0.710070714285714,-1.66191842857143,7
2012,24,201224,2012-06-10,2012-06-14,2012-06-16,-0.602844285714286,-0.685585714285714,-1.56655485714286,7
2012,25,201225,2012-06-17,2012-06-21,2012-06-23,-0.459164857142857,-0.561184857142857,-1.47925042857143,7
2012,26,201226,2012-06-24,2012-06-28,2012-06-30,-0.462261285714286,-0.417187857142857,-1.61869714285714,7
2012,27,201227,2012-07-01,2012-07-05,2012-07-07,-0.505035857142857,-0.337492857142857,-1.669741,7
2012,28,201228,2012-07-08,2012-07-12,2012-07-14,-0.437798428571429,-0.196930571428571,-1.479371,7
2012,29,201229,2012-07-15,2012-07-19,2012-07-21,-0.358184857142857,-0.146995142857143,-1.42989528571429,7
2012,30,201230,2012-07-22,2012-07-26,2012-07-28,-0.269293571428571,-0.0938501428571429,-1.43408985714286,7
2012,31,201231,2012-07-29,2012-08-02,2012-08-04,-0.233651571428571,-0.181257857142857,-1.33192285714286,7
2012,32,201232,2012-08-05,2012-08-09,2012-08-11,-0.222445,-0.242098714285714,-1.31408857142857,7
2012,33,201233,2012-08-12,2012-08-16,2012-08-18,-0.156584571428571,0.0363555714285714,-1.36801885714286,7
2012,34,201234,2012-08-19,2012-08-23,2012-08-25,-0.171102714285714,0.202349428571429,-1.31899714285714,7
2012,35,201235,2012-08-26,2012-08-30,2012-09-01,-0.226504428571429,0.187121571428571,-1.31805585714286,7
2012,36,201236,2012-09-02,2012-09-06,2012-09-08,-0.236225285714286,0.135093571428571,-1.330433,7
2012,37,201237,2012-09-09,2012-09-13,2012-09-15,-0.21744,0.129155428571429,-1.21758557142857,7
2012,38,201238,2012-09-16,2012-09-20,2012-09-22,-0.173811857142857,0.147406,-1.19198771428571,7
2012,39,201239,2012-09-23,2012-09-27,2012-09-29,-0.0598738571428572,0.209122142857143,-0.996728714285714,7
2012,40,201240,2012-09-30,2012-10-04,2012-10-06,0.026309,0.186626,-0.696988285714286,7
2012,41,201241,2012-10-07,2012-10-11,2012-10-13,-0.0342601428571429,-0.00454299999999998,-0.720352857142857,7
2012,42,201242,2012-10-14,2012-10-18,2012-10-20,-0.107843285714286,-0.149548428571429,-0.816929714285714,7
2012,43,201243,2012-10-21,2012-10-25,2012-10-27,-0.174754,-0.180967571428571,-0.915665,7
2012,44,201244,2012-10-28,2012-11-01,2012-11-03,-0.212115857142857,-0.152947571428571,-0.927403285714286,7
2012,45,201245,2012-11-04,2012-11-08,2012-11-10,-0.164297571428571,-0.0751607142857143,-0.860449714285714,7
2012,46,201246,2012-11-11,2012-11-15,2012-11-17,-0.179971857142857,-0.151100571428571,-1.006878,7
2012,47,201247,2012-11-18,2012-11-22,2012-11-24,-0.252739571428571,-0.286434857142857,-1.12828185714286,7
2012,48,201248,2012-11-25,2012-11-29,2012-12-01,-0.293059857142857,-0.419984571428571,-0.98512,7
2012,49,201249,2012-12-02,2012-12-06,2012-12-08,-0.360175714285714,-0.513514714285714,-0.790231714285714,7
2012,50,201250,2012-12-09,2012-12-13,2012-12-15,-0.424913,-0.429510142857143,-1.09474714285714,7
2012,51,201251,2012-12-16,2012-12-20,2012-12-22,-0.441887285714286,-0.311725714285714,-1.62066057142857,7
2012,52,201252,2012-12-23,2012-12-27,2012-12-29,-0.499433285714286,-0.429228571428571,-1.61054028571429,7
2013,1,201301,2012-12-30,2013-01-03,2013-01-05,-0.555481875,-0.879975125,-1.507598625,7
2013,2,201302,2013-01-06,2013-01-10,2013-01-12,-0.586791553571429,-1.39435994642857,-1.46398144642857,7
2013,3,201303,2013-01-13,2013-01-17,2013-01-19,-0.655257428571429,-1.48052971428571,-1.31085057142857,7
2013,4,201304,2013-01-20,2013-01-24,2013-01-26,-0.626595428571429,-1.25278314285714,-1.21036785714286,7
2013,5,201305,2013-01-27,2013-01-31,2013-02-02,-0.520838625,-1.064434,-1.34666675,7
2013,6,201306,2013-02-03,2013-02-07,2013-02-09,-0.412279568877551,-0.996896102040816,-1.60302596428571,7
2013,7,201307,2013-02-10,2013-02-14,2013-02-16,-0.504392091836735,-0.772490826530612,-1.75208878571429,7
2013,8,201308,2013-02-17,2013-02-21,2013-02-23,-0.661529428571429,-0.626779,-1.94948514285714,7
2013,9,201309,2013-02-24,2013-02-28,2013-03-02,-0.674303571428571,-0.623396428571429,-1.89298242857143,7
2013,10,201310,2013-03-03,2013-03-07,2013-03-09,-0.58695075,-0.684902625,-1.460004625,7
2013,11,201311,2013-03-10,2013-03-14,2013-03-16,-0.605148086734694,-0.610167446428571,-1.09370903826531,7
2013,12,201312,2013-03-17,2013-03-21,2013-03-23,-0.654376734693878,-0.466692020408163,-0.949049510204082,7
2013,13,201313,2013-03-24,2013-03-28,2013-03-30,-0.631267065934066,-0.413394056514914,-1.0047451177394,7
2013,14,201314,2013-03-31,2013-04-04,2013-04-06,-0.639701076923077,-0.576501923076923,-1.03982492307692,7
2013,15,201315,2013-04-07,2013-04-11,2013-04-13,-0.659343857142857,-0.749899142857143,-1.06113285714286,7
2013,16,201316,2013-04-14,2013-04-18,2013-04-20,-0.66622625,-0.813853625,-1.00935775,7
2013,17,201317,2013-04-21,2013-04-25,2013-04-27,-0.665362790816327,-0.819532650510204,-0.883634352040816,7
2013,18,201318,2013-04-28,2013-05-02,2013-05-04,-0.733765979591837,-0.893892918367347,-0.825675,7
2013,19,201319,2013-05-05,2013-05-09,2013-05-11,-0.817741908163265,-0.888124234693877,-0.907537326530612,7
2013,20,201320,2013-05-12,2013-05-16,2013-05-18,-0.866071857142857,-1.39523185714286,-0.888027285714286,7
2013,21,201321,2013-05-19,2013-05-23,2013-05-25,-0.834997625,-1.69938325,-0.828092875,7
2013,22,201322,2013-05-26,2013-05-30,2013-06-01,-0.786778283163265,-1.50896209693878,-0.892411278061224,7
2013,23,201323,2013-06-02,2013-06-06,2013-06-08,-0.805969897959184,-1.09279236734694,-0.885062612244898,7
2013,24,201324,2013-06-09,2013-06-13,2013-06-15,-0.775851479591837,-0.848189357142857,-0.798547234693878,7
2013,25,201325,2013-06-16,2013-06-20,2013-06-22,-0.729136142857143,-0.724153571428571,-0.932021714285714,7
2013,26,201326,2013-06-23,2013-06-27,2013-06-29,-0.678452571428571,-0.777749428571428,-0.864649857142857,7
2013,27,201327,2013-06-30,2013-07-04,2013-07-06,-0.696219375,-0.861208375,-0.746579625,7
2013,28,201328,2013-07-07,2013-07-11,2013-07-13,-0.627032961734694,-0.732400737244898,-0.703942895408163,7
2013,29,201329,2013-07-14,2013-07-18,2013-07-20,-0.590900632653061,-0.539106163265306,-0.705355755102041,7
2013,30,201330,2013-07-21,2013-07-25,2013-07-27,-0.537434102040816,-0.310980081632653,-0.578889795918367,7
2013,31,201331,2013-07-28,2013-08-01,2013-08-03,-0.504135571428571,-0.415330571428571,-0.656320571428571,7
2013,32,201332,2013-08-04,2013-08-08,2013-08-10,-0.565636428571429,-0.724570285714286,-0.737409714285714,7
2013,33,201333,2013-08-11,2013-08-15,2013-08-17,-0.60054625,-0.82941675,-0.705719,7
2013,34,201334,2013-08-18,2013-08-22,2013-08-24,-0.56342368877551,-0.864564515306122,-0.703268428571429,7
2013,35,201335,2013-08-25,2013-08-29,2013-08-31,-0.489905142857143,-0.852147571428571,-0.654809183673469,7
2013,36,201336,2013-09-01,2013-09-05,2013-09-07,-0.468177467817896,-1.00532981161695,-0.56720180533752,7
2013,37,201337,2013-09-08,2013-09-12,2013-09-14,-0.520950307692308,-1.20979392307692,-0.578358153846154,7
2013,38,201338,2013-09-15,2013-09-19,2013-09-21,-0.544613,-1.311639625,-0.605505,7
2013,39,201339,2013-09-22,2013-09-26,2013-09-28,-0.529652632653061,-1.30545634438776,-0.610891469387755,7
2013,40,201340,2013-09-29,2013-10-03,2013-10-05,-0.507892489795918,-1.27462755102041,-0.490908795918367,7
2013,41,201341,2013-10-06,2013-10-10,2013-10-12,-0.461335020408163,-1.05658419387755,-0.348911091836735,7
2013,42,201342,2013-10-13,2013-10-17,2013-10-19,-0.393263571428571,-0.913563428571429,-0.317175428571429,7
2013,43,201343,2013-10-20,2013-10-24,2013-10-26,-0.303695857142857,-0.866828,-0.306525714285714,7
2013,44,201344,2013-10-27,2013-10-31,2013-11-02,-0.2301555,-0.688848625,-0.346442625,7
2013,45,201345,2013-11-03,2013-11-07,2013-11-09,-0.147351397959184,-0.375549099489796,-0.361606670918367,7
2013,46,201346,2013-11-10,2013-11-14,2013-11-16,-0.103099897959184,-0.223986040816327,-0.368120346938775,7
2013,47,201347,2013-11-17,2013-11-21,2013-11-23,-0.176105489795918,-0.068103306122449,-0.223044785714286,7
2013,48,201348,2013-11-24,2013-11-28,2013-11-30,-0.288114714285714,-0.041113,-0.172895714285714,7
2013,49,201349,2013-12-01,2013-12-05,2013-12-07,-0.301081857142857,-0.0757292857142857,-0.326043428571429,7
2013,50,201350,2013-12-08,2013-12-12,2013-12-14,-0.355824375,-0.2431855,-0.40485075,7
2013,51,201351,2013-12-15,2013-12-19,2013-12-21,-0.401985778061224,-0.472624785714286,-0.411021086734694,7
2013,52,201352,2013-12-22,2013-12-26,2013-12-28,-0.468606132653061,-0.519642285714286,-0.409753591836735,7
2014,1,201401,2013-12-29,2014-01-02,2014-01-04,-0.475791285714286,-0.463919571428571,-0.296601142857143,7
2014,2,201402,2014-01-05,2014-01-09,2014-01-11,-0.414938857142857,-0.432154714285714,-0.282511285714286,7
2014,3,201403,2014-01-12,2014-01-16,2014-01-18,-0.3815965,-0.190299125,-0.165101375,7
2014,4,201404,2014-01-19,2014-01-23,2014-01-25,-0.350518867346939,0.026867625,0.197369528061224,7
2014,5,201405,2014-01-26,2014-01-30,2014-02-01,-0.250758224489796,0.117388204081633,0.461944163265306,7
2014,6,201406,2014-02-02,2014-02-06,2014-02-08,-0.10871062244898,0.0493822959183673,0.178894255102041,7
2014,7,201407,2014-02-09,2014-02-13,2014-02-15,-0.0749328571428571,0.157905142857143,-0.173757428571429,7
2014,8,201408,2014-02-16,2014-02-20,2014-02-22,0.0466158571428571,0.200433428571429,0.023023,7
2014,9,201409,2014-02-23,2014-02-27,2014-03-01,0.2780345,0.2917965,0.454028,7
2014,10,201410,2014-03-02,2014-03-06,2014-03-08,0.502569846938775,0.444087724489796,0.585179857142857,7
2014,11,201411,2014-03-09,2014-03-13,2014-03-15,0.622402040816327,0.527928714285714,0.448590836734694,7
2014,12,201412,2014-03-16,2014-03-20,2014-03-22,0.717257612244898,0.494667989795918,0.405217948979592,7
2014,13,201413,2014-03-23,2014-03-27,2014-03-29,0.756451857142857,0.415000285714286,0.288744714285714,7
2014,14,201414,2014-03-30,2014-04-03,2014-04-05,0.757412125,0.46270675,0.199095625,7
2014,15,201415,2014-04-06,2014-04-10,2014-04-12,0.810689660714286,0.589168576530612,0.357912242346939,7
2014,16,201416,2014-04-13,2014-04-17,2014-04-19,0.815989428571429,0.397272163265306,0.416955693877551,7
2014,17,201417,2014-04-20,2014-04-24,2014-04-26,0.855083357142857,0.0859670816326531,0.267657867346939,7
2014,18,201418,2014-04-27,2014-05-01,2014-05-03,0.870933285714286,-0.143920857142857,0.443180571428571,7
2014,19,201419,2014-05-04,2014-05-08,2014-05-10,0.859201571428571,-0.131188142857143,0.737332285714286,7
2014,20,201420,2014-05-11,2014-05-15,2014-05-17,0.85737025,-0.211093,0.85746925,7
2014,21,201421,2014-05-18,2014-05-22,2014-05-24,0.821878015306122,-0.224609897959184,0.869328362244898,7
2014,22,201422,2014-05-25,2014-05-29,2014-05-31,0.722281734693878,-0.244959632653061,0.818824163265306,7
2014,23,201423,2014-06-01,2014-06-05,2014-06-07,0.578948857142857,-0.156648255102041,0.696202010204082,7
2014,24,201424,2014-06-08,2014-06-12,2014-06-14,0.548055571428571,-0.234733142857143,0.638585857142857,7
2014,25,201425,2014-06-15,2014-06-19,2014-06-21,0.534282857142857,-0.414564571428571,0.702160714285714,7
2014,26,201426,2014-06-22,2014-06-26,2014-06-28,0.56936725,-0.63725175,0.759419375,7
2014,27,201427,2014-06-29,2014-07-03,2014-07-05,0.561341668367347,-0.865734290816327,0.801636676020408,7
2014,28,201428,2014-07-06,2014-07-10,2014-07-12,0.41485893877551,-1.15068445918367,0.858472448979592,7
2014,29,201429,2014-07-13,2014-07-17,2014-07-19,0.395104,-1.10363728571429,0.731926142857143,7
2014,30,201430,2014-07-20,2014-07-24,2014-07-26,0.406095571428571,-0.909440714285714,0.669372,7
2014,31,201431,2014-07-27,2014-07-31,2014-08-02,0.388257375,-0.891669625,0.709035,7
2014,32,201432,2014-08-03,2014-08-07,2014-08-09,0.368055614795918,-1.05724838520408,0.741936734693878,7
2014,33,201433,2014-08-10,2014-08-14,2014-08-16,0.456130183673469,-0.838532816326531,0.866192326530612,7
2014,34,201434,2014-08-17,2014-08-21,2014-08-23,0.543542540816327,-0.633641102040816,1.03695501020408,7
2014,35,201435,2014-08-24,2014-08-28,2014-08-30,0.586125142857143,-0.650819,1.10623857142857,7
2014,36,201436,2014-08-31,2014-09-04,2014-09-06,0.633803142857143,-0.552083285714286,1.15418785714286,7
2014,37,201437,2014-09-07,2014-09-11,2014-09-13,0.657488125,-0.278598375,1.20348875,7
2014,38,201438,2014-09-14,2014-09-18,2014-09-20,0.646532130102041,-0.0992799209183673,1.23979982142857,7
2014,39,201439,2014-09-21,2014-09-25,2014-09-27,0.64969806122449,-0.0434998979591837,1.25268632653061,7
2014,40,201440,2014-09-28,2014-10-02,2014-10-04,0.675043255102041,-0.18698437755102,1.27059003061224,7
2014,41,201441,2014-10-05,2014-10-09,2014-10-11,0.735128,-0.361684,1.22258585714286,7
2014,42,201442,2014-10-12,2014-10-16,2014-10-18,0.774645,-0.437252142857143,1.10789057142857,7
2014,43,201443,2014-10-19,2014-10-23,2014-10-25,0.814386,-0.52558475,0.987660125,7
2014,44,201444,2014-10-26,2014-10-30,2014-11-01,0.871627551020408,-0.50952225,0.958051844387755,7
2014,45,201445,2014-11-02,2014-11-06,2014-11-08,0.88785687755102,-0.229713785714286,1.08186953061225,7
2014,46,201446,2014-11-09,2014-11-13,2014-11-15,0.813009142857143,-0.288546285714286,1.156284,7
2014,47,201447,2014-11-16,2014-11-20,2014-11-22,0.760685428571429,-0.407095857142857,1.07615085714286,7
2014,48,201448,2014-11-23,2014-11-27,2014-11-29,0.73475275,-0.512554125,1.082280875,7
2014,49,201449,2014-11-30,2014-12-04,2014-12-06,0.715615494897959,-0.605972905612245,1.14166182908163,7
2014,50,201450,2014-12-07,2014-12-11,2014-12-13,0.709933959183673,-0.625419285714286,1.0451136122449,7
2014,51,201451,2014-12-14,2014-12-18,2014-12-20,0.715894581632653,-0.704564897959184,1.11103632653061,7
2014,52,201452,2014-12-21,2014-12-25,2014-12-27,0.671505,-0.978662857142857,1.503236,7
2014,53,201453,2014-12-28,2015-01-01,2015-01-03,0.723869857142857,-1.25372085714286,1.83319242857143,7
2015,1,201501,2015-01-04,2015-01-08,2015-01-10,0.767648,-1.3571825,1.77038375,7
2015,2,201502,2015-01-11,2015-01-15,2015-01-17,0.738728571428571,-1.08424090816327,1.5925708622449,7
2015,3,201503,2015-01-18,2015-01-22,2015-01-24,0.761080551020408,-0.567693530612245,1.53732497959184,7
2015,4,201504,2015-01-25,2015-01-29,2015-01-31,0.872116020408163,-0.00909470408163267,1.68368476530612,7
2015,5,201505,2015-02-01,2015-02-05,2015-02-07,1.002053,0.247180285714286,1.97825242857143,7
2015,6,201506,2015-02-08,2015-02-12,2015-02-14,1.04720825,0.393449125,2.240910375,7
2015,7,201507,2015-02-15,2015-02-19,2015-02-21,1.00791448469388,0.395646844387755,2.29456324744898,7
2015,8,201508,2015-02-22,2015-02-26,2015-02-28,1.02728953061224,0.336164326530612,2.14767471428571,7
2015,9,201509,2015-03-01,2015-03-05,2015-03-07,1.23825644897959,0.260178918367347,2.15672816326531,7
2015,10,201510,2015-03-08,2015-03-12,2015-03-14,1.405627,0.247111428571429,2.20326242857143,7
2015,11,201511,2015-03-15,2015-03-19,2015-03-21,1.548033,0.289905428571429,2.08362785714286,7
2015,12,201512,2015-03-22,2015-03-26,2015-03-28,1.647672375,0.338103625,1.92131475,7
2015,13,201513,2015-03-29,2015-04-02,2015-04-04,1.67554755357143,0.506557038265306,1.81539488265306,7
2015,14,201514,2015-04-05,2015-04-09,2015-04-11,1.70110387755102,0.853500755102041,1.6995576122449,7
2015,15,201515,2015-04-12,2015-04-16,2015-04-18,1.70677047959184,0.633207653061225,1.54282168367347,7
2015,16,201516,2015-04-19,2015-04-23,2015-04-25,1.77365742857143,0.272473714285714,1.58319657142857,7
2015,17,201517,2015-04-26,2015-04-30,2015-05-02,1.80835985714286,0.213152428571429,1.53989014285714,7
2015,18,201518,2015-05-03,2015-05-07,2015-05-09,1.866791375,0.424466375,1.515152,7
2015,19,201519,2015-05-10,2015-05-14,2015-05-16,1.97024408418367,0.304443655612245,1.60697130612245,7
2015,20,201520,2015-05-17,2015-05-21,2015-05-23,2.06446996938776,-0.0010270306122449,1.75695990816327,7
2015,21,201521,2015-05-24,2015-05-28,2015-05-30,2.06896614285714,0.0559617142857143,1.72824542857143,7
2015,22,201522,2015-05-31,2015-06-04,2015-06-06,1.98814971428571,0.247391285714286,1.57248757142857,7
2015,23,201523,2015-06-07,2015-06-11,2015-06-13,1.959038625,0.318429125,1.565323125,7
2015,24,201524,2015-06-14,2015-06-18,2015-06-20,1.93167642602041,0.388872762755102,1.6883037627551,7
2015,25,201525,2015-06-21,2015-06-25,2015-06-27,2.0079362244898,0.459532346938775,1.84862430612245,7
2015,26,201526,2015-06-28,2015-07-02,2015-07-04,2.09066608163265,0.448440479591837,2.01015337755102,7
2015,27,201527,2015-07-05,2015-07-09,2015-07-11,2.15886342857143,0.318360285714286,1.82250128571429,7
2015,28,201528,2015-07-12,2015-07-16,2015-07-18,2.29249928571429,0.338498428571429,1.728709,7
2015,29,201529,2015-07-19,2015-07-23,2015-07-25,2.350218875,0.415116625,1.782254,7
2015,30,201530,2015-07-26,2015-07-30,2015-08-01,2.39342068622449,0.433232466836735,1.78019263265306,7
2015,31,201531,2015-08-02,2015-08-06,2015-08-08,2.40265318367347,0.323109795918367,1.75219479591837,7
2015,32,201532,2015-08-09,2015-08-13,2015-08-15,2.45922739795918,0.566063897959184,1.78190628571429,7
2015,33,201533,2015-08-16,2015-08-20,2015-08-22,2.523382,0.600301714285714,1.92972514285714,7
2015,34,201534,2015-08-23,2015-08-27,2015-08-29,2.546417625,0.606638875,2.058812875,7
2015,35,201535,2015-08-30,2015-09-03,2015-09-05,2.59580746683673,0.62371074744898,1.99412833928571,7
2015,36,201536,2015-09-06,2015-09-10,2015-09-12,2.68142051020408,0.567434081632653,1.96838532653061,7
2015,37,201537,2015-09-13,2015-09-17,2015-09-19,2.70216746938776,0.762840081632653,2.06841895918367,7
2015,38,201538,2015-09-20,2015-09-24,2015-09-26,2.71462357142857,0.708484857142857,1.98935257142857,7
2015,39,201539,2015-09-27,2015-10-01,2015-10-03,2.82563257142857,0.720813142857143,2.107597,7
2015,40,201540,2015-10-04,2015-10-08,2015-10-10,2.949900625,0.875527625,2.183859375,7
2015,41,201541,2015-10-11,2015-10-15,2015-10-17,2.99051377295918,0.889047670918367,2.08626683928571,7
2015,42,201542,2015-10-18,2015-10-22,2015-10-24,2.99725114285714,0.899781551020408,2.11006718367347,7
2015,43,201543,2015-10-25,2015-10-29,2015-10-31,2.99370560204082,1.05807786734694,2.04163360204082,7
2015,44,201544,2015-11-01,2015-11-05,2015-11-07,2.96043685714286,1.30341414285714,1.82840242857143,7
2015,45,201545,2015-11-08,2015-11-12,2015-11-14,2.91106371428571,1.26014728571429,1.63992014285714,7
2015,46,201546,2015-11-15,2015-11-19,2015-11-21,2.867910875,1.207157125,1.556973125,7
2015,47,201547,2015-11-22,2015-11-26,2015-11-28,2.86119627806122,1.04775772193878,1.53718810969388,7
2015,48,201548,2015-11-29,2015-12-03,2015-12-05,2.93393056122449,0.923475081632653,1.32075219387755,7
2015,49,201549,2015-12-06,2015-12-10,2015-12-12,2.91717285714286,0.648263714285714,1.12516314285714,7
2015,50,201550,2015-12-13,2015-12-17,2015-12-19,2.81628685714286,0.443406714285714,1.15584914285714,7
2015,51,201551,2015-12-20,2015-12-24,2015-12-26,2.7408265,0.328408625,1.245702625,7
2015,52,201552,2015-12-27,2015-12-31,2016-01-02,2.78164235714286,0.228169803571429,1.34549008928571,7
2016,1,201601,2016-01-03,2016-01-07,2016-01-09,2.87662971428571,0.330023571428571,1.52622314285714,7
2016,2,201602,2016-01-10,2016-01-14,2016-01-16,2.89812871428571,0.677706714285714,1.71890571428571,7
2016,3,201603,2016-01-17,2016-01-21,2016-01-23,2.845772,0.904095857142857,1.77402042857143,7
2016,4,201604,2016-01-24,2016-01-28,2016-01-30,2.77381985714286,0.920262285714286,1.80097757142857,7
2016,5,201605,2016-01-31,2016-02-04,2016-02-06,2.67613557142857,0.709464571428571,1.88665157142857,7
2016,6,201606,2016-02-07,2016-02-11,2016-02-13,2.47986585714286,0.520146571428571,1.95993185714286,7
2016,7,201607,2016-02-14,2016-02-18,2016-02-20,2.31263171428571,0.474005142857143,2.11542628571429,7
2016,8,201608,2016-02-21,2016-02-25,2016-02-27,2.20949928571429,0.652657,2.27034942857143,7
2016,9,201609,2016-02-28,2016-03-03,2016-03-05,2.14677857142857,0.813238142857143,2.173439,7
2016,10,201610,2016-03-06,2016-03-10,2016-03-12,2.06849014285714,0.825648857142857,1.96017014285714,7
2016,11,201611,2016-03-13,2016-03-17,2016-03-19,1.85328357142857,0.795071714285714,1.90335857142857,7
2016,12,201612,2016-03-20,2016-03-24,2016-03-26,1.67308,0.640134857142857,2.04035014285714,7
2016,13,201613,2016-03-27,2016-03-31,2016-04-02,1.61835285714286,0.707833714285714,2.140399,7
2016,14,201614,2016-04-03,2016-04-07,2016-04-09,1.516596,0.915615142857143,1.985217,7
2016,15,201615,2016-04-10,2016-04-14,2016-04-16,1.35377642857143,0.720403,1.72427457142857,7
2016,16,201616,2016-04-17,2016-04-21,2016-04-23,1.255651,0.482861714285714,1.74177042857143,7
2016,17,201617,2016-04-24,2016-04-28,2016-04-30,1.14437014285714,0.417883285714286,1.76875414285714,7
2016,18,201618,2016-05-01,2016-05-05,2016-05-07,1.031435,0.413388285714286,1.85153471428571,7
2016,19,201619,2016-05-08,2016-05-12,2016-05-14,0.94382,0.0275308571428572,1.96974171428571,7
2016,20,201620,2016-05-15,2016-05-19,2016-05-21,0.851826142857143,-0.470443714285714,1.955645,7
2016,21,201621,2016-05-22,2016-05-26,2016-05-28,0.752726142857143,-0.989084571428571,1.90819442857143,7
2016,22,201622,2016-05-29,2016-06-02,2016-06-04,0.626151857142857,-1.33816185714286,1.899755,7
2016,23,201623,2016-06-05,2016-06-09,2016-06-11,0.513212571428571,-1.48785257142857,1.84404471428571,7
2016,24,201624,2016-06-12,2016-06-16,2016-06-18,0.541287571428571,-1.574601,1.77593085714286,7
2016,25,201625,2016-06-19,2016-06-23,2016-06-25,0.566217285714286,-1.617894,1.77783285714286,7
2016,26,201626,2016-06-26,2016-06-30,2016-07-02,0.493622,-1.61923957142857,1.62127014285714,7
2016,27,201627,2016-07-03,2016-07-07,2016-07-09,0.417113714285714,-1.49040742857143,1.35260742857143,7
2016,28,201628,2016-07-10,2016-07-14,2016-07-16,0.441630142857143,-1.22815242857143,1.16973371428571,7
2016,29,201629,2016-07-17,2016-07-21,2016-07-23,0.423188571428571,-1.19620471428571,1.15238542857143,7
2016,30,201630,2016-07-24,2016-07-28,2016-07-30,0.324196142857143,-1.43659842857143,1.19808257142857,7
2016,31,201631,2016-07-31,2016-08-04,2016-08-06,0.210832142857143,-1.55150585714286,1.13176542857143,7
2016,32,201632,2016-08-07,2016-08-11,2016-08-13,0.171274714285714,-1.29341228571429,1.21043985714286,7
2016,33,201633,2016-08-14,2016-08-18,2016-08-20,0.144251428571429,-1.18823314285714,1.303258,7
2016,34,201634,2016-08-21,2016-08-25,2016-08-27,0.120660142857143,-1.228179,1.40135871428571,7
2016,35,201635,2016-08-28,2016-09-01,2016-09-03,0.0793297142857143,-1.45081328571429,1.39029585714286,7
2016,36,201636,2016-09-04,2016-09-08,2016-09-10,0.0483545714285714,-1.70357628571429,1.28498714285714,7
2016,37,201637,2016-09-11,2016-09-15,2016-09-17,0.017102,-1.79001885714286,1.207716,7
2016,38,201638,2016-09-18,2016-09-22,2016-09-24,-0.0322408571428571,-1.86934028571429,1.23835271428571,7
2016,39,201639,2016-09-25,2016-09-29,2016-10-01,-0.0875492857142857,-1.87453714285714,1.38654357142857,7
2016,40,201640,2016-10-02,2016-10-06,2016-10-08,-0.148681857142857,-1.77285485714286,1.25273414285714,7
2016,41,201641,2016-10-09,2016-10-13,2016-10-15,-0.176064,-1.765974,1.08403871428571,7
2016,42,201642,2016-10-16,2016-10-20,2016-10-22,-0.210464857142857,-1.795583,1.06343928571429,7
2016,43,201643,2016-10-23,2016-10-27,2016-10-29,-0.237506857142857,-1.79245357142857,1.02356685714286,7
2016,44,201644,2016-10-30,2016-11-03,2016-11-05,-0.226400428571429,-1.67725814285714,0.937176857142857,7
2016,45,201645,2016-11-06,2016-11-10,2016-11-12,-0.218352571428571,-1.528064,0.882145142857143,7
2016,46,201646,2016-11-13,2016-11-17,2016-11-19,-0.169887857142857,-1.51871928571429,0.800470714285714,7
2016,47,201647,2016-11-20,2016-11-24,2016-11-26,-0.116297714285714,-1.54755757142857,0.576217714285714,7
2016,48,201648,2016-11-27,2016-12-01,2016-12-03,-0.05059,-1.64900614285714,0.732707285714286,7
2016,49,201649,2016-12-04,2016-12-08,2016-12-10,0.0197952857142857,-1.720667,1.052825,7
2016,50,201650,2016-12-11,2016-12-15,2016-12-17,0.0426674285714286,-1.763358,0.966841857142857,7
2016,51,201651,2016-12-18,2016-12-22,2016-12-24,0.0676458571428571,-1.70247228571429,0.729833142857143,7
2016,52,201652,2016-12-25,2016-12-29,2016-12-31,0.149332142857143,-1.73977242857143,0.806691285714286,7
2017,1,201701,2017-01-01,2017-01-05,2017-01-07,0.185474142857143,-1.90821957142857,0.921928428571429,7
2017,2,201702,2017-01-08,2017-01-12,2017-01-14,0.1490975,-1.863835875,0.625127125,7
2017,3,201703,2017-01-15,2017-01-19,2017-01-21,0.16506556122449,-1.76870595153061,0.170494354591837,7
2017,4,201704,2017-01-22,2017-01-26,2017-01-28,0.173527346938776,-1.70892887755102,0.187060632653061,7
2017,5,201705,2017-01-29,2017-02-02,2017-02-04,0.193304734693878,-1.70900643877551,0.808210530612245,7
2017,6,201706,2017-02-05,2017-02-09,2017-02-11,0.229859714285714,-1.74498185714286,0.937933285714286,7
2017,7,201707,2017-02-12,2017-02-16,2017-02-18,0.198289,-1.48856157142857,0.730030857142857,7
2017,8,201708,2017-02-19,2017-02-23,2017-02-25,0.16847725,-1.231728375,0.703303,7
2017,9,201709,2017-02-26,2017-03-02,2017-03-04,0.170376423469388,-1.12047408418367,0.718749081632653,7
2017,10,201710,2017-03-05,2017-03-09,2017-03-11,0.200800969387755,-1.10526518367347,0.771411275510204,7
2017,11,201711,2017-03-12,2017-03-16,2017-03-18,0.140042,-1.14532157142857,0.715640857142857,7
2017,12,201712,2017-03-19,2017-03-23,2017-03-25,0.0557682857142857,-1.259082,0.468022,7
2017,13,201713,2017-03-26,2017-03-30,2017-04-01,0.0452205,-1.191827,0.349929875,7
2017,14,201714,2017-04-02,2017-04-06,2017-04-08,0.117938663265306,-1.00141006122449,0.497583380102041,7
2017,15,201715,2017-04-09,2017-04-13,2017-04-15,0.13790406122449,-1.05623289795918,0.610235510204082,7
2017,16,201716,2017-04-16,2017-04-20,2017-04-22,0.174196489795918,-1.05696204081633,0.676536591836735,7
2017,17,201717,2017-04-23,2017-04-27,2017-04-29,0.221729714285714,-0.769250428571429,0.571650857142857,7
2017,18,201718,2017-04-30,2017-05-04,2017-05-06,0.253819,-0.379696,0.421480857142857,7
2017,19,201719,2017-05-07,2017-05-11,2017-05-13,0.2482905,-0.39606925,0.297789,7
2017,20,201720,2017-05-14,2017-05-18,2017-05-20,0.187512989795918,-0.468603994897959,0.271851734693878,7
2017,21,201721,2017-05-21,2017-05-25,2017-05-27,0.138164102040816,-0.579471959183673,0.354516551020408,7
2017,22,201722,2017-05-28,2017-06-01,2017-06-03,0.0916580510204082,-0.612518724489796,0.4266415,7
2017,23,201723,2017-06-04,2017-06-08,2017-06-10,0.0306645714285714,-0.513101285714286,0.318867571428571,7
2017,24,201724,2017-06-11,2017-06-15,2017-06-17,0.12947725,-0.39492375,0.365798875,7
2017,25,201725,2017-06-18,2017-06-22,2017-06-24,0.233618545918367,-0.25659212755102,0.397056114795918,7
2017,26,201726,2017-06-25,2017-06-29,2017-07-01,0.223382653061225,-0.109042102040816,0.348867897959184,7
2017,27,201727,2017-07-02,2017-07-06,2017-07-08,0.143374336734694,-0.0661358775510204,0.246781326530612,7
2017,28,201728,2017-07-09,2017-07-13,2017-07-15,0.188294714285714,-0.104908571428571,0.301139285714286,7
2017,29,201729,2017-07-16,2017-07-20,2017-07-22,0.203436285714286,-0.0931168571428571,0.351576714285714,7
2017,30,201730,2017-07-23,2017-07-27,2017-07-29,0.243924,0.03271775,0.46420075,7
2017,31,201731,2017-07-30,2017-08-03,2017-08-05,0.240696081632653,-0.0863881989795918,0.579603005102041,7
2017,32,201732,2017-08-06,2017-08-10,2017-08-12,0.131758265306122,-0.471575183673469,0.589044510204082,7
2017,33,201733,2017-08-13,2017-08-17,2017-08-19,0.0930510102040816,-0.360113724489796,0.465477806122449,7
2017,34,201734,2017-08-20,2017-08-24,2017-08-26,0.0709567142857143,-0.254598428571429,0.402218714285714,7
2017,35,201735,2017-08-27,2017-08-31,2017-09-02,-0.028211,-0.288513714285714,0.367965142857143,7
2017,36,201736,2017-09-03,2017-09-07,2017-09-09,-0.165687625,-0.526290125,0.313922875,7
2017,37,201737,2017-09-10,2017-09-14,2017-09-16,-0.262171303571429,-0.827969681122449,0.304388706632653,7
2017,38,201738,2017-09-17,2017-09-21,2017-09-23,-0.332515214285714,-0.927595765306122,0.427542846938776,7
2017,39,201739,2017-09-24,2017-09-28,2017-09-30,-0.371356142857143,-0.774935285714286,0.411884,7
2017,40,201740,2017-10-01,2017-10-05,2017-10-07,-0.421628428571429,-0.756303428571429,0.484932714285714,7
2017,41,201741,2017-10-08,2017-10-12,2017-10-14,-0.513095,-0.8574925,0.364215625,7
2017,42,201742,2017-10-15,2017-10-19,2017-10-21,-0.575395959183673,-0.9544425,0.131758221938776,7
2017,43,201743,2017-10-22,2017-10-26,2017-10-28,-0.595196653061224,-0.885024530612245,0.241813428571429,7
2017,44,201744,2017-10-29,2017-11-02,2017-11-04,-0.578628102040816,-0.661366540816327,0.505247867346939,7
2017,45,201745,2017-11-05,2017-11-09,2017-11-11,-0.519296285714286,-0.472157142857143,0.309696142857143,7
2017,46,201746,2017-11-12,2017-11-16,2017-11-18,-0.528609,-0.598898714285714,0.123114142857143,7
2017,47,201747,2017-11-19,2017-11-23,2017-11-25,-0.566136375,-0.75307725,0.166019,7
2017,48,201748,2017-11-26,2017-11-30,2017-12-02,-0.550011573979592,-0.942141566326531,0.237155632653061,7
2017,49,201749,2017-12-03,2017-12-07,2017-12-09,-0.528493408163265,-1.18462285714286,0.375858448979592,7
2017,50,201750,2017-12-10,2017-12-14,2017-12-16,-0.501455928571429,-1.16135939795918,0.489595775510204,7
2017,51,201751,2017-12-17,2017-12-21,2017-12-23,-0.430159428571429,-0.908784285714286,0.413296285714286,7
2017,52,201752,2017-12-24,2017-12-28,2017-12-30,-0.371474625,-0.82038525,0.244205875,7
2018,1,201801,2017-12-31,2018-01-04,2018-01-06,-0.30887475255102,-0.885447607142857,0.0682927882653061,7
2018,2,201802,2018-01-07,2018-01-11,2018-01-13,-0.352286285714286,-0.760646653061224,-0.0358981428571429,7
2018,3,201803,2018-01-14,2018-01-18,2018-01-20,-0.456437051020408,-0.624869204081633,-0.0625626632653061,7
2018,4,201804,2018-01-21,2018-01-25,2018-01-27,-0.530278428571429,-0.505775428571429,0.172977714285714,7
2018,5,201805,2018-01-28,2018-02-01,2018-02-03,-0.508905285714286,-0.647521714285714,0.524985857142857,7
2018,6,201806,2018-02-04,2018-02-08,2018-02-10,-0.386527125,-0.840435,0.621263625,7
2018,7,201807,2018-02-11,2018-02-15,2018-02-17,-0.279554170918367,-0.683474857142857,0.442991140306122,7
2018,8,201808,2018-02-18,2018-02-22,2018-02-24,-0.206494081632653,-0.473759836734694,-0.0325299387755102,7
2018,9,201809,2018-02-25,2018-03-01,2018-03-03,-0.123932193877551,-0.390842520408163,-0.363338112244898,7
2018,10,201810,2018-03-04,2018-03-08,2018-03-10,-0.0354215714285714,-0.426639571428571,-0.406609,7
2018,11,201811,2018-03-11,2018-03-15,2018-03-17,-0.0279135714285714,-0.595953857142857,-0.287569714285714,7
2018,12,201812,2018-03-18,2018-03-22,2018-03-24,0.00824675,-0.736709625,-0.024613375,7
2018,13,201813,2018-03-25,2018-03-29,2018-03-31,0.0592124948979592,-0.592316915816327,0.162574079081633,7
2018,14,201814,2018-04-01,2018-04-05,2018-04-07,0.117496326530612,-0.176821224489796,0.0858458775510204,7
2018,15,201815,2018-04-08,2018-04-12,2018-04-14,0.162058714285714,-0.0445535918367347,-0.289414581632653,7
2018,16,201816,2018-04-15,2018-04-19,2018-04-21,0.281008,-0.0729594285714286,-0.193162714285714,7
2018,17,201817,2018-04-22,2018-04-26,2018-04-28,0.371162625,-0.38452325,0.163068125,7
2018,18,201818,2018-04-29,2018-05-03,2018-05-05,0.417846875,-0.564774198979592,0.381074823979592,7
2018,19,201819,2018-05-06,2018-05-10,2018-05-12,0.480267448979592,-0.279662469387755,0.399687265306122,7
2018,20,201820,2018-05-13,2018-05-17,2018-05-19,0.574287479591837,-0.192053867346939,0.292588357142857,7
2018,21,201821,2018-05-20,2018-05-24,2018-05-26,0.630911714285714,-0.172614714285714,0.122308,7
2018,22,201822,2018-05-27,2018-05-31,2018-06-02,0.562450571428571,-0.193749428571429,-0.0172861428571429,7
2018,23,201823,2018-06-03,2018-06-07,2018-06-09,0.4844125,-0.30903175,-0.070639,7
2018,24,201824,2018-06-10,2018-06-14,2018-06-16,0.542904010204082,-0.377515494897959,0.0483765918367347,7
2018,25,201825,2018-06-17,2018-06-21,2018-06-23,0.590645693877551,-0.143492571428571,0.227294959183673,7
2018,26,201826,2018-06-24,2018-06-28,2018-06-30,0.600984010204082,0.0169446020408163,0.17705337755102,7
2018,27,201827,2018-07-01,2018-07-05,2018-07-07,0.59869,-0.105573,-0.00357071428571428,7
2018,28,201828,2018-07-08,2018-07-12,2018-07-14,0.658966142857143,-0.0860478571428571,-0.0468785714285714,7
2018,29,201829,2018-07-15,2018-07-19,2018-07-21,0.681081875,-0.094047125,0.008184875,7
2018,30,201830,2018-07-22,2018-07-26,2018-07-28,0.719182604591837,-0.150394477040816,0.113527012755102,7
2018,31,201831,2018-07-29,2018-08-02,2018-08-04,0.715079306122449,-0.340921255102041,0.283272969387755,7
2018,32,201832,2018-08-05,2018-08-09,2018-08-11,0.744853,-0.578600714285714,0.454926714285714,7
2018,33,201833,2018-08-12,2018-08-16,2018-08-18,0.846752,-0.462669142857143,0.532596,7
2018,34,201834,2018-08-19,2018-08-23,2018-08-25,0.86664875,-0.33937025,0.345693875,7
2018,35,201835,2018-08-26,2018-08-30,2018-09-01,0.862539229591837,-0.349066668367347,0.205298237244898,7
2018,36,201836,2018-09-02,2018-09-06,2018-09-08,0.883303918367347,-0.462313551020408,0.163945020408163,7
2018,37,201837,2018-09-09,2018-09-13,2018-09-15,0.931185673469388,-0.269982173469388,0.196449795918367,7
2018,38,201838,2018-09-16,2018-09-20,2018-09-22,1.00473485714286,-0.123821,0.445530285714286,7
2018,39,201839,2018-09-23,2018-09-27,2018-09-29,1.09710128571429,0.101482857142857,0.689431285714286,7
2018,40,201840,2018-09-30,2018-10-04,2018-10-06,1.157514875,0.212537875,0.677803625,7
2018,41,201841,2018-10-07,2018-10-11,2018-10-13,1.16831925765306,-0.0204458443877551,0.506769772959184,7
2018,42,201842,2018-10-14,2018-10-18,2018-10-20,1.15926657142857,-0.131760775510204,0.406022102040816,7
2018,43,201843,2018-10-21,2018-10-25,2018-10-27,1.14829093877551,-0.120214826530612,0.366586571428571,7
2018,44,201844,2018-10-28,2018-11-01,2018-11-03,1.18552471428571,-0.0312984285714286,0.439863285714286,7
2018,45,201845,2018-11-04,2018-11-08,2018-11-10,1.233412375,0.02678325,0.58381275,7
2018,46,201846,2018-11-11,2018-11-15,2018-11-17,1.24530867602041,-0.165031066326531,0.657982698979592,7
2018,47,201847,2018-11-18,2018-11-22,2018-11-24,1.22132248979592,-0.411762632653061,0.61646706122449,7
2018,48,201848,2018-11-25,2018-11-29,2018-12-01,1.20050017346939,-0.40033562244898,0.414466418367347,7
2018,49,201849,2018-12-02,2018-12-06,2018-12-08,1.20368414285714,-0.198575428571429,0.195870285714286,7
2018,50,201850,2018-12-09,2018-12-13,2018-12-15,1.17352571428571,-0.230596714285714,-0.0787652857142857,7
2018,51,201851,2018-12-16,2018-12-20,2018-12-22,1.10172775,-0.39009575,-0.063647125,7
2018,52,201852,2018-12-23,2018-12-27,2018-12-29,1.08498412755102,-0.388941780612245,0.117767992346939,7
2019,1,201901,2018-12-30,2019-01-03,2019-01-05,1.13129859183673,-0.233685510204082,0.304289897959184,7
2019,2,201902,2019-01-06,2019-01-10,2019-01-12,1.17435953061224,-0.0515562448979592,0.396128591836735,7
2019,3,201903,2019-01-13,2019-01-17,2019-01-19,1.14153685714286,0.311852857142857,0.427103857142857,7
2019,4,201904,2019-01-20,2019-01-24,2019-01-26,1.09205114285714,0.577168714285714,0.361854571428571,7
2019,5,201905,2019-01-27,2019-01-31,2019-02-02,1.089775375,0.553608625,0.233958625,7
2019,6,201906,2019-02-03,2019-02-07,2019-02-09,1.20926539030612,0.461438568877551,0.0814847525510204,7
2019,7,201907,2019-02-10,2019-02-14,2019-02-16,1.25785573469388,0.62242537755102,-0.202926091836735,7
2019,8,201908,2019-02-17,2019-02-21,2019-02-23,1.26019857142857,0.614379571428571,-0.278096285714286,7
2019,9,201909,2019-02-24,2019-02-28,2019-03-02,1.2712028,0.5744062,-0.1012108,7
2019,10,201910,2019-03-03,2019-03-07,2019-03-09,1.215074,0.519309666666667,0.061066,7
2019,11,201911,2019-03-10,2019-03-14,2019-03-16,1.18165146530612,0.399934317006803,0.193926330612245,7
2019,12,201912,2019-03-17,2019-03-21,2019-03-23,1.18518628571429,0.205722306122449,0.333681346938775,7
2019,13,201913,2019-03-24,2019-03-28,2019-03-30,1.19375052040816,0.407777224489796,0.588604336734694,7
2019,14,201914,2019-03-31,2019-04-04,2019-04-06,1.222005,0.912884142857143,0.576931571428571,7
2019,15,201915,2019-04-07,2019-04-11,2019-04-13,1.16384942857143,0.952318857142857,0.321005428571429,7
2019,16,201916,2019-04-14,2019-04-18,2019-04-20,1.092799125,0.754977125,0.28100475,7
2019,17,201917,2019-04-21,2019-04-25,2019-04-27,1.01875772193878,0.406379130102041,0.506940331632653,7
2019,18,201918,2019-04-28,2019-05-02,2019-05-04,0.918331081632653,0.136654632653061,0.636699142857143,7
2019,19,201919,2019-05-05,2019-05-09,2019-05-11,0.923247071428571,0.266758040816327,0.605646918367347,7
2019,20,201920,2019-05-12,2019-05-16,2019-05-18,0.983191,0.244641,0.477646285714286,7
2019,21,201921,2019-05-19,2019-05-23,2019-05-25,0.995738625,0.382777375,0.35429825,7
2019,22,201922,2019-05-26,2019-05-30,2019-06-01,0.969990915816327,0.547375859693878,0.249478586734694,7
2019,23,201923,2019-06-02,2019-06-06,2019-06-08,0.842803510204082,0.723657163265306,0.249069591836735,7
2019,24,201924,2019-06-09,2019-06-13,2019-06-15,0.781032234693878,0.668728316326531,0.47713,7
2019,25,201925,2019-06-16,2019-06-20,2019-06-22,0.759550428571429,0.470465285714286,0.746260285714286,7
2019,26,201926,2019-06-23,2019-06-27,2019-06-29,0.676279571428571,0.192240142857143,0.944022285714286,7
2019,27,201927,2019-06-30,2019-07-04,2019-07-06,0.590231875,0.08495525,0.902704,7
2019,28,201928,2019-07-07,2019-07-11,2019-07-13,0.651420237244898,0.363380852040816,0.81082112244898,7
2019,29,201929,2019-07-14,2019-07-18,2019-07-20,0.728148102040816,0.683485285714286,0.704329102040816,7
2019,30,201930,2019-07-21,2019-07-25,2019-07-27,0.753160714285714,0.928180040816327,0.678965346938776,7
2019,31,201931,2019-07-28,2019-08-01,2019-08-03,0.642828571428571,0.911979142857143,0.728785,7
2019,32,201932,2019-08-04,2019-08-08,2019-08-10,0.478192285714286,0.795265142857143,0.770392714285714,7
2019,33,201933,2019-08-11,2019-08-15,2019-08-17,0.450716375,0.904388125,0.903397375,7
2019,34,201934,2019-08-18,2019-08-22,2019-08-24,0.496373880102041,0.979345762755102,1.00793669642857,7
2019,35,201935,2019-08-25,2019-08-29,2019-08-31,0.514365163265306,1.00972102040816,1.14728932653061,7
2019,36,201936,2019-09-01,2019-09-05,2019-09-07,0.49039193877551,0.988176734693878,1.11620995918367,7
2019,37,201937,2019-09-08,2019-09-12,2019-09-14,0.526357857142857,1.27188042857143,1.00144871428571,7
2019,38,201938,2019-09-15,2019-09-19,2019-09-21,0.547683875,1.48095275,0.964616875,7
2019,39,201939,2019-09-22,2019-09-26,2019-09-28,0.57498050255102,1.62103092346939,0.923134155612245,7
2019,40,201940,2019-09-29,2019-10-03,2019-10-05,0.637904510204082,1.81546412244898,0.895397489795918,7
2019,41,201941,2019-10-06,2019-10-10,2019-10-12,0.630628969387755,2.23007298979592,0.84021662244898,7
2019,42,201942,2019-10-13,2019-10-17,2019-10-19,0.607450571428571,2.51676871428571,0.737704,7
2019,43,201943,2019-10-20,2019-10-24,2019-10-26,0.615309714285714,2.63769785714286,0.918447,7
2019,44,201944,2019-10-27,2019-10-31,2019-11-02,0.61373825,2.853270375,1.230273875,7
2019,45,201945,2019-11-03,2019-11-07,2019-11-09,0.631932117346939,3.00798649234694,1.40969344132653,7
2019,46,201946,2019-11-10,2019-11-14,2019-11-16,0.648129346938776,2.85001030612245,1.39862506122449,7
2019,47,201947,2019-11-17,2019-11-21,2019-11-23,0.736472,2.88426475510204,1.14709505102041,7
2019,48,201948,2019-11-24,2019-11-28,2019-11-30,0.879678857142857,3.070564,1.00428442857143,7
2019,49,201949,2019-12-01,2019-12-05,2019-12-07,0.934553714285714,3.20004314285714,0.897881142857143,7
2019,50,201950,2019-12-08,2019-12-12,2019-12-14,0.936557375,3.244773625,0.7052445,7
2019,51,201951,2019-12-15,2019-12-19,2019-12-21,0.991332737244898,3.1391280994898,0.653502030612245,7
2019,52,201952,2019-12-22,2019-12-26,2019-12-28,1.05286081632653,2.81494706122449,0.793599755102041,7
2020,1,202001,2019-12-29,2020-01-02,2020-01-04,1.05805814285714,2.41906657142857,0.616487714285714,7
2020,2,202002,2020-01-05,2020-01-09,2020-01-11,1.095375,2.117848,0.292192571428571,7
2020,3,202003,2020-01-12,2020-01-16,2020-01-18,1.08862014285714,2.13359742857143,0.184153571428571,7
2020,4,202004,2020-01-19,2020-01-23,2020-01-25,1.083199,2.19849442857143,0.270628285714286,7
2020,5,202005,2020-01-26,2020-01-30,2020-02-01,1.07607071428571,2.13493485714286,0.264889285714286,7
2020,6,202006,2020-02-02,2020-02-06,2020-02-08,1.06238738095238,1.87929452380952,0.180803619047619,7
2020,7,202007,2020-02-09,2020-02-13,2020-02-15,1.04870404761905,1.62365419047619,0.0967179523809524,7
2020,8,202008,2020-02-16,2020-02-20,2020-02-22,1.026209,1.41549457142857,0.0491472857142857,7
2020,9,202009,2020-02-23,2020-02-27,2020-02-29,1.07901771428571,1.38639157142857,0.0258745714285714,7
2020,10,202010,2020-03-01,2020-03-05,2020-03-07,1.11771557142857,1.38207757142857,0.0403967142857143,7
2020,11,202011,2020-03-08,2020-03-12,2020-03-14,0.986695714285714,1.27272685714286,0.262494,7
2020,12,202012,2020-03-15,2020-03-19,2020-03-21,0.880812,1.240686,0.332313,7
2020,13,202013,2020-03-22,2020-03-26,2020-03-28,0.779435714285714,1.22116485714286,0.0454351428571429,7
2020,14,202014,2020-03-29,2020-04-02,2020-04-04,0.706722285714286,1.35549214285714,0.156819285714286,7
2020,15,202015,2020-04-05,2020-04-09,2020-04-11,0.672367714285714,1.36186314285714,0.548153,7
2020,16,202016,2020-04-12,2020-04-16,2020-04-18,0.571957714285714,1.06731714285714,0.494171285714286,7
2020,17,202017,2020-04-19,2020-04-23,2020-04-25,0.464894285714286,0.908150714285714,0.245876285714286,7
2020,18,202018,2020-04-26,2020-04-30,2020-05-02,0.364500285714286,1.03984814285714,0.230402714285714,7
2020,19,202019,2020-05-03,2020-05-07,2020-05-09,0.299777857142857,1.10870214285714,0.417551428571429,7
2020,20,202020,2020-05-10,2020-05-14,2020-05-16,0.297218285714286,0.588194142857143,0.664724857142857,7
2020,21,202021,2020-05-17,2020-05-21,2020-05-23,0.267831142857143,-0.0743352857142857,0.801691857142857,7
2020,22,202022,2020-05-24,2020-05-28,2020-05-30,0.133652285714286,-0.428173285714286,0.80764,7
2020,23,202023,2020-05-31,2020-06-04,2020-06-06,0.0329902857142857,-0.281195142857143,0.648482142857143,7
2020,24,202024,2020-06-07,2020-06-11,2020-06-13,0.0794164285714286,-0.119581142857143,0.508086571428571,7
2020,25,202025,2020-06-14,2020-06-18,2020-06-20,0.113195428571429,0.0812258571428571,0.559261714285714,7
2020,26,202026,2020-06-21,2020-06-25,2020-06-27,0.174083857142857,0.210945857142857,0.664542428571429,7
2020,27,202027,2020-06-28,2020-07-02,2020-07-04,0.124808857142857,0.00727557142857144,0.675502142857143,7
2020,28,202028,2020-07-05,2020-07-09,2020-07-11,0.035487,-0.118792571428571,0.558779571428571,7
2020,29,202029,2020-07-12,2020-07-16,2020-07-18,0.0663345714285714,0.0606694285714286,0.43997,7
2020,30,202030,2020-07-19,2020-07-23,2020-07-25,0.0380295714285714,0.155047142857143,0.306577285714286,7
2020,31,202031,2020-07-26,2020-07-30,2020-08-01,-0.080473,-0.0886908571428572,0.0958838571428572,7
2020,32,202032,2020-08-02,2020-08-06,2020-08-08,-0.22137,-0.445031,-0.0172271428571429,7
2020,33,202033,2020-08-09,2020-08-13,2020-08-15,-0.249267,-0.516242714285714,0.116756714285714,7
2020,34,202034,2020-08-16,2020-08-20,2020-08-22,-0.208615428571429,-0.575021857142857,0.312829428571429,7
2020,35,202035,2020-08-23,2020-08-27,2020-08-29,-0.196343285714286,-0.501678857142857,0.431332,7
2020,36,202036,2020-08-30,2020-09-03,2020-09-05,-0.270260571428571,-0.459896285714286,0.506790142857143,7
2020,37,202037,2020-09-06,2020-09-10,2020-09-12,-0.374645,-0.537394428571429,0.612234714285714,7
2020,38,202038,2020-09-13,2020-09-17,2020-09-19,-0.444940571428571,-0.484159142857143,0.586614428571429,7
2020,39,202039,2020-09-20,2020-09-24,2020-09-26,-0.481175714285714,-0.345186571428571,0.460511428571429,7
2020,40,202040,2020-09-27,2020-10-01,2020-10-03,-0.528874,-0.0863597142857143,0.627211285714286,7
2020,41,202041,2020-10-04,2020-10-08,2020-10-10,-0.582871428571429,0.05563,0.900189142857143,7
2020,42,202042,2020-10-11,2020-10-15,2020-10-17,-0.623774714285714,-0.0549254285714286,0.990300428571429,7
2020,43,202043,2020-10-18,2020-10-22,2020-10-24,-0.652639,-0.343596428571429,1.104551,7
2020,44,202044,2020-10-25,2020-10-29,2020-10-31,-0.637890857142857,-0.457213571428571,1.08046828571429,7
2020,45,202045,2020-11-01,2020-11-05,2020-11-07,-0.631228857142857,-0.337959714285714,0.855861571428571,7
2020,46,202046,2020-11-08,2020-11-12,2020-11-14,-0.649268,-0.315834857142857,0.591124,7
2020,47,202047,2020-11-15,2020-11-19,2020-11-21,-0.680264,-0.384460428571429,0.346573428571429,7
2020,48,202048,2020-11-22,2020-11-26,2020-11-28,-0.723294285714286,-0.549188428571429,0.353234857142857,7
2020,49,202049,2020-11-29,2020-12-03,2020-12-05,-0.757248,-0.723911142857143,0.532030571428571,7
2020,50,202050,2020-12-06,2020-12-10,2020-12-12,-0.770265571428571,-0.848818142857143,0.65864,7
2020,51,202051,2020-12-13,2020-12-17,2020-12-19,-0.802552571428571,-0.856374714285714,0.494137285714286,7
2020,52,202052,2020-12-20,2020-12-24,2020-12-26,-0.867757857142857,-0.874805142857143,0.164626857142857,7
2020,53,202053,2020-12-27,2020-12-31,2021-01-02,-0.929255625,-1.079751,-0.04591975,7
2021,1,202101,2021-01-03,2021-01-07,2021-01-09,-1.01686230357143,-1.37002808163265,0.0158313214285714,7
2021,2,202102,2021-01-10,2021-01-14,2021-01-16,-1.135946,-1.57774156122449,0.388527142857143,7
2021,3,202103,2021-01-17,2021-01-21,2021-01-23,-1.18790842857143,-1.72334614285714,0.432467571428571,7
2021,4,202104,2021-01-24,2021-01-28,2021-01-30,-1.13947757142857,-1.89600485714286,0.119858428571429,7
2021,5,202105,2021-01-31,2021-02-04,2021-02-06,-1.049536625,-2.037741375,0.165925875,7
2021,6,202106,2021-02-07,2021-02-11,2021-02-13,-1.04475883418367,-1.90506936989796,0.316105625,7
2021,7,202107,2021-02-14,2021-02-18,2021-02-20,-1.02653642857143,-1.64292583673469,0.0173512857142857,7
2021,8,202108,2021-02-21,2021-02-25,2021-02-27,-0.911775112244898,-1.4491717755102,-0.253135928571429,7
2021,9,202109,2021-02-28,2021-03-04,2021-03-06,-0.711140428571429,-1.20890314285714,-0.408171,7
2021,10,202110,2021-03-07,2021-03-11,2021-03-13,-0.642221375,-0.930528375,-0.523108875,7
2021,11,202111,2021-03-14,2021-03-18,2021-03-20,-0.561925594387755,-0.718461308673469,-0.531547216836735,7
2021,12,202112,2021-03-21,2021-03-25,2021-03-27,-0.559120632653061,-0.745688408163265,-0.236821285714286,7
2021,13,202113,2021-03-28,2021-04-01,2021-04-03,-0.519699112244898,-0.946563408163265,0.179415520408163,7
2021,14,202114,2021-04-04,2021-04-08,2021-04-10,-0.377137714285714,-1.06786528571429,0.327164714285714,7
2021,15,202115,2021-04-11,2021-04-15,2021-04-17,-0.285238,-1.37150414285714,0.294915285714286,7
2021,16,202116,2021-04-18,2021-04-22,2021-04-24,-0.15704725,-1.419915375,0.159805875,7
2021,17,202117,2021-04-25,2021-04-29,2021-05-01,-0.0836936479591837,-1.10789094132653,-0.0610097831632653,7
2021,18,202118,2021-05-02,2021-05-06,2021-05-08,-0.0424873265306122,-0.529141673469388,-0.0996247959183673,7
2021,19,202119,2021-05-09,2021-05-13,2021-05-15,0.0346365102040816,-0.406103653061224,0.0342891326530612,7
2021,20,202120,2021-05-16,2021-05-20,2021-05-22,0.100912,-0.556058,0.0771611428571429,7
2021,21,202121,2021-05-23,2021-05-27,2021-05-29,0.068808,-0.904820571428571,0.0378577142857143,7
2021,22,202122,2021-05-30,2021-06-03,2021-06-05,-0.00668299999999999,-1.259305,-0.053968125,7
2021,23,202123,2021-06-06,2021-06-10,2021-06-12,-0.0770322040816327,-1.35836640816327,-0.152526681122449,7
2021,24,202124,2021-06-13,2021-06-17,2021-06-19,-0.0224161020408163,-1.10873053061225,0.00414526530612245,7
2021,25,202125,2021-06-20,2021-06-24,2021-06-26,0.0298357346938775,-0.728910989795918,0.227179969387755,7
2021,26,202126,2021-06-27,2021-07-01,2021-07-03,-0.03035,-0.592355857142857,0.163312285714286,7
2021,27,202127,2021-07-04,2021-07-08,2021-07-10,-0.17996925,-0.81602775,-0.044513375,7
2021,28,202128,2021-07-11,2021-07-15,2021-07-17,-0.272117096938776,-1.04483592346939,-0.168482635204082,7
2021,29,202129,2021-07-18,2021-07-22,2021-07-24,-0.350059775510204,-1.18101595918367,-0.199657265306122,7
2021,30,202130,2021-07-25,2021-07-29,2021-07-31,-0.415991591836735,-1.21827786734694,-0.119443724489796,7
2021,31,202131,2021-08-01,2021-08-05,2021-08-07,-0.439384,-1.21810357142857,-0.0372707142857143,7
2021,32,202132,2021-08-08,2021-08-12,2021-08-14,-0.354619571428571,-0.965591285714286,0.0220778571428571,7
2021,33,202133,2021-08-15,2021-08-19,2021-08-21,-0.317582875,-0.875217875,-0.017129,7
2021,34,202134,2021-08-22,2021-08-26,2021-08-28,-0.327116114795918,-0.866880135204082,-0.120772530612245,7
2021,35,202135,2021-08-29,2021-09-02,2021-09-04,-0.386838673469388,-0.851914591836735,-0.151657795918367,7
2021,36,202136,2021-09-05,2021-09-09,2021-09-11,-0.49520862244898,-0.867585755102041,-0.0999256020408163,7
2021,37,202137,2021-09-12,2021-09-16,2021-09-18,-0.607133142857143,-0.655103714285714,-0.23728,7
2021,38,202138,2021-09-19,2021-09-23,2021-09-25,-0.671434428571429,-0.613948571428571,-0.403323285714286,7
2021,39,202139,2021-09-26,2021-09-30,2021-10-02,-0.7380535,-0.723084875,-0.4121165,7
2021,40,202140,2021-10-03,2021-10-07,2021-10-09,-0.782128479591837,-0.758088278061224,-0.465385295918367,7
2021,41,202141,2021-10-10,2021-10-14,2021-10-16,-0.790419591836735,-0.978167275510204,-0.686393346938776,7
2021,42,202142,2021-10-17,2021-10-21,2021-10-23,-0.821736142857143,-1.27557342857143,-0.788716428571429,7
2021,43,202143,2021-10-24,2021-10-28,2021-10-30,-0.805802285714286,-1.37699828571429,-0.565727857142857,7
2021,44,202144,2021-10-31,2021-11-04,2021-11-06,-0.777389,-1.397229125,-0.369067625,7
2021,45,202145,2021-11-07,2021-11-11,2021-11-13,-0.853887040816326,-1.59100729336735,-0.403702262755102,7
2021,46,202146,2021-11-14,2021-11-18,2021-11-20,-0.976578591836735,-1.68927655102041,-0.460558367346939,7
2021,47,202147,2021-11-21,2021-11-25,2021-11-27,-1.06551758163265,-1.85318903061224,-0.246277744897959,7
2021,48,202148,2021-11-28,2021-12-02,2021-12-04,-1.126531,-1.908056,-0.00362471428571429,7
2021,49,202149,2021-12-05,2021-12-09,2021-12-11,-1.06642514285714,-1.81721442857143,-0.257542714285714,7
2021,50,202150,2021-12-12,2021-12-16,2021-12-18,-0.97496325,-1.59500975,-0.579404625,7
2021,51,202151,2021-12-19,2021-12-23,2021-12-25,-0.934956341836735,-1.22558525,-0.578791364795918,7
2021,52,202152,2021-12-26,2021-12-30,2022-01-01,-0.852615469387755,-0.866848755102041,-0.619077081632653,7
2022,1,202201,2022-01-02,2022-01-06,2022-01-08,-0.681755367346939,-0.701166673469388,-0.451728214285714,7
2022,2,202202,2022-01-09,2022-01-13,2022-01-15,-0.607667857142857,-0.344740285714286,-0.130009428571429,7
2022,3,202203,2022-01-16,2022-01-20,2022-01-22,-0.594912875,-0.177169125,-0.003145625,7
2022,4,202204,2022-01-23,2022-01-27,2022-01-29,-0.632401237244898,-0.128053558673469,0.00249410459183673,7
2022,5,202205,2022-01-30,2022-02-03,2022-02-05,-0.622329918367347,-0.283342448979592,0.00620020408163266,7
2022,6,202206,2022-02-06,2022-02-10,2022-02-12,-0.584928826530612,-0.627915224489796,-0.0464053265306122,7
2022,7,202207,2022-02-13,2022-02-17,2022-02-19,-0.635598142857143,-0.784678571428571,-0.117492285714286,7
2022,8,202208,2022-02-20,2022-02-24,2022-02-26,-0.737872714285714,-0.792181,-0.309294714285714,7
2022,9,202209,2022-02-27,2022-03-03,2022-03-05,-0.738285375,-0.6647095,-0.39144375,7
2022,10,202210,2022-03-06,2022-03-10,2022-03-12,-0.655265267857143,-0.632843969387755,-0.295090025510204,7
2022,11,202211,2022-03-13,2022-03-17,2022-03-19,-0.761672102040816,-0.776700714285714,-0.457406387755102,7
2022,12,202212,2022-03-20,2022-03-24,2022-03-26,-0.837813612244898,-1.08006495918367,-0.58150012244898,7
2022,13,202213,2022-03-27,2022-03-31,2022-04-02,-0.810127,-1.0761,-0.543365857142857,7
2022,14,202214,2022-04-03,2022-04-07,2022-04-09,-0.695854285714286,-0.850901142857143,-0.468500857142857,7
2022,15,202215,2022-04-10,2022-04-14,2022-04-16,-0.59257825,-0.931800125,-0.531830625,7
2022,16,202216,2022-04-17,2022-04-21,2022-04-23,-0.565276260204082,-0.989560293367347,-0.70433475255102,7
2022,17,202217,2022-04-24,2022-04-28,2022-04-30,-0.597410632653061,-0.806241510204082,-0.710822193877551,7
2022,18,202218,2022-05-01,2022-05-05,2022-05-07,-0.582918857142857,-0.709588571428571,-0.521945857142857,7
2022,19,202219,2022-05-08,2022-05-12,2022-05-14,-0.564629142857143,-1.16114857142857,-0.239256857142857,7
2022,20,202220,2022-05-15,2022-05-19,2022-05-21,-0.5223,-1.412875375,-0.119376625,7
2022,21,202221,2022-05-22,2022-05-26,2022-05-28,-0.453601897959184,-1.43808575765306,-0.216448079081633,7
2022,22,202222,2022-05-29,2022-06-02,2022-06-04,-0.444184836734694,-1.29210459183673,-0.233496897959184,7
2022,23,202223,2022-06-05,2022-06-09,2022-06-11,-0.537391193877551,-1.03013220408163,-0.125775826530612,7
2022,24,202224,2022-06-12,2022-06-16,2022-06-18,-0.441896,-0.830529,-0.045496,7
2022,25,202225,2022-06-19,2022-06-23,2022-06-25,-0.393509428571429,-0.690243285714286,0.00345157142857143,7
2022,26,202226,2022-06-26,2022-06-30,2022-07-02,-0.468057375,-0.782259875,-0.1307215,7
2022,27,202227,2022-07-03,2022-07-07,2022-07-09,-0.630514594387755,-1.04977409438776,-0.362828642857143,7
2022,28,202228,2022-07-10,2022-07-14,2022-07-16,-0.671523816326531,-1.13351002040816,-0.318231244897959,7
2022,29,202229,2022-07-17,2022-07-21,2022-07-23,-0.671488214285714,-1.05492079591837,-0.201706112244898,7
2022,30,202230,2022-07-24,2022-07-28,2022-07-30,-0.693789428571429,-1.19120914285714,-0.165638571428571,7
2022,31,202231,2022-07-31,2022-08-04,2022-08-06,-0.762369571428571,-1.53288871428571,-0.209511285714286,7
2022,32,202232,2022-08-07,2022-08-11,2022-08-13,-0.759990625,-1.517295875,-0.222424125,7
2022,33,202233,2022-08-14,2022-08-18,2022-08-20,-0.729058977040816,-1.42368344132653,-0.227517232142857,7
2022,34,202234,2022-08-21,2022-08-25,2022-08-27,-0.726711326530612,-1.27691239795918,-0.139922642857143,7
2022,35,202235,2022-08-28,2022-09-01,2022-09-03,-0.817034285714286,-1.432298,-0.0309922857142857,7
2022,36,202236,2022-09-04,2022-09-08,2022-09-10,-0.871894571428571,-1.75108514285714,0.216145571428571,7
2022,37,202237,2022-09-11,2022-09-15,2022-09-17,-0.883250625,-1.853754375,0.410112125,7
2022,38,202238,2022-09-18,2022-09-22,2022-09-24,-0.888792426020408,-1.91901128826531,0.286477109693878,7
2022,39,202239,2022-09-25,2022-09-29,2022-10-01,-0.889886367346939,-1.91445828571429,0.284711530612245,7
2022,40,202240,2022-10-02,2022-10-06,2022-10-08,-0.923051153061225,-1.96236226530612,0.518830948979592,7
2022,41,202241,2022-10-09,2022-10-13,2022-10-15,-0.999527571428571,-2.11931571428571,0.527941571428571,7
2022,42,202242,2022-10-16,2022-10-20,2022-10-22,-1.026924,-2.10526885714286,0.515390285714286,7
2022,43,202243,2022-10-23,2022-10-27,2022-10-29,-1.03289325,-1.99328,0.459128875,7
2022,44,202244,2022-10-30,2022-11-03,2022-11-05,-1.00335791326531,-1.78714197959184,0.142191073979592,7
2022,45,202245,2022-11-06,2022-11-10,2022-11-12,-0.950943673469388,-1.54771197959184,-0.111529448979592,7
2022,46,202246,2022-11-13,2022-11-17,2022-11-19,-0.92645637755102,-1.59187004081633,0.0328598571428571,7
2022,47,202247,2022-11-20,2022-11-24,2022-11-26,-0.879223285714286,-1.65175557142857,0.173219,7
2022,48,202248,2022-11-27,2022-12-01,2022-12-03,-0.852859875,-1.73039725,0.075237875,7
2022,49,202249,2022-12-04,2022-12-08,2022-12-10,-0.832550992346939,-1.67021070918367,0.0123421760204082,7
2022,50,202250,2022-12-11,2022-12-15,2022-12-17,-0.856807836734694,-1.61118310204082,0.103552244897959,7
2022,51,202251,2022-12-18,2022-12-22,2022-12-24,-0.898541010204082,-1.78272529591837,0.205763418367347,7
2022,52,202252,2022-12-25,2022-12-29,2022-12-31,-0.908989428571429,-2.023568,0.174064142857143,7
2023,1,202301,2023-01-01,2023-01-05,2023-01-07,-0.808532428571429,-2.095303,0.138529857142857,7
2023,2,202302,2023-01-08,2023-01-12,2023-01-14,-0.705039,-1.817172875,0.1916395,7
2023,3,202303,2023-01-15,2023-01-19,2023-01-21,-0.67530506122449,-1.58578948214286,0.397250357142857,7
2023,4,202304,2023-01-22,2023-01-26,2023-01-28,-0.709069551020408,-1.51267493877551,0.449816183673469,7
2023,5,202305,2023-01-29,2023-02-02,2023-02-04,-0.726420459183673,-1.70834534693878,0.108169602040816,7
2023,6,202306,2023-02-05,2023-02-09,2023-02-11,-0.732372,-2.06850014285714,-0.261413142857143,7
2023,7,202307,2023-02-12,2023-02-16,2023-02-18,-0.782467714285714,-1.98074142857143,-0.336309285714286,7
2023,8,202308,2023-02-19,2023-02-23,2023-02-25,-0.71698825,-1.86017325,-0.207198125,7
2023,9,202309,2023-02-26,2023-03-02,2023-03-04,-0.58194181122449,-1.65994707653061,-0.129693191326531,7
2023,10,202310,2023-03-05,2023-03-09,2023-03-11,-0.384650010204082,-1.29756395918367,-0.0147924693877551,7
2023,11,202311,2023-03-12,2023-03-16,2023-03-18,-0.264711142857143,-0.945568714285714,0.00944957142857142,7
2023,12,202312,2023-03-19,2023-03-23,2023-03-25,-0.177952714285714,-0.782165,-0.115983428571429,7
2023,13,202313,2023-03-26,2023-03-30,2023-04-01,-0.074996875,-0.590419125,-0.260595625,7
2023,14,202314,2023-04-02,2023-04-06,2023-04-08,0.023035375,-0.271313354591837,-0.415798181122449,7
2023,15,202315,2023-04-09,2023-04-13,2023-04-15,0.0443407959183673,-0.228076265306122,-0.43800893877551,7
2023,16,202316,2023-04-16,2023-04-20,2023-04-22,0.185638918367347,-0.171630183673469,-0.275695112244898,7
2023,17,202317,2023-04-23,2023-04-27,2023-04-29,0.32485,-0.0238757142857143,-0.0990318571428571,7
2023,18,202318,2023-04-30,2023-05-04,2023-05-06,0.340553714285714,0.0129911428571429,-0.0402654285714286,7
2023,19,202319,2023-05-07,2023-05-11,2023-05-13,0.420707875,-0.336315375,-0.02974025,7
2023,20,202320,2023-05-14,2023-05-18,2023-05-20,0.482149645408163,-0.623731227040816,0.0856594948979592,7
2023,21,202321,2023-05-21,2023-05-25,2023-05-27,0.561417469387755,-0.676207183673469,0.20913112244898,7
2023,22,202322,2023-05-28,2023-06-01,2023-06-03,0.673677224489796,-0.519143142857143,0.176075918367347,7
2023,23,202323,2023-06-04,2023-06-08,2023-06-10,0.716712,-0.256181571428571,0.0968198571428571,7
2023,24,202324,2023-06-11,2023-06-15,2023-06-17,0.804130375,-0.131522375,-0.035152625,7
2023,25,202325,2023-06-18,2023-06-22,2023-06-24,0.851306655612245,-0.0757470229591837,-0.242547017857143,7
2023,26,202326,2023-06-25,2023-06-29,2023-07-01,0.813215489795918,-0.101399163265306,-0.45509312244898,7
2023,27,202327,2023-07-02,2023-07-06,2023-07-08,0.653260479591837,-0.178999153061224,-0.336784020408163,7
2023,28,202328,2023-07-09,2023-07-13,2023-07-15,0.756414571428571,0.0616965714285714,-0.117115428571429,7
2023,29,202329,2023-07-16,2023-07-20,2023-07-22,0.900274857142857,0.330394571428571,0.010847,7
2023,30,202330,2023-07-23,2023-07-27,2023-07-29,0.98515525,0.6021635,0.1324065,7
2023,31,202331,2023-07-30,2023-08-03,2023-08-05,1.02404764795918,0.622451193877551,0.163560397959184,7
2023,32,202332,2023-08-06,2023-08-10,2023-08-12,1.01734520408163,0.400163387755102,0.179580489795918,7
2023,33,202333,2023-08-13,2023-08-17,2023-08-19,1.06538546938776,0.584573775510204,0.256949897959184,7
2023,34,202334,2023-08-20,2023-08-24,2023-08-26,1.119655,0.756756571428571,0.260377714285714,7
2023,35,202335,2023-08-27,2023-08-31,2023-09-02,1.17076657142857,0.794792428571429,0.292132285714286,7
2023,36,202336,2023-09-03,2023-09-07,2023-09-09,1.168587875,0.822746,0.339897375,7
2023,37,202337,2023-09-10,2023-09-14,2023-09-16,1.15134576785714,0.976856857142857,0.292029859693878,7
2023,38,202338,2023-09-17,2023-09-21,2023-09-23,1.14488221428571,1.27328714285714,0.39810912244898,7
2023,39,202339,2023-09-24,2023-09-28,2023-09-30,1.16886085714286,1.77093085714286,0.403367428571429,7
2023,40,202340,2023-10-01,2023-10-05,2023-10-07,1.24996757142857,2.26708514285714,0.363934714285714,7
2023,41,202341,2023-10-08,2023-10-12,2023-10-14,1.312359625,2.68130825,0.45746625,7
2023,42,202342,2023-10-15,2023-10-19,2023-10-21,1.37231301785714,2.99333648469388,0.792057974489796,7
2023,43,202343,2023-10-22,2023-10-26,2023-10-28,1.46714353061224,3.18077816326531,0.941421326530612,7
2023,44,202344,2023-10-29,2023-11-02,2023-11-04,1.54970204081633,3.4611243877551,0.658436163265306,7
2023,45,202345,2023-11-05,2023-11-09,2023-11-11,1.590556,3.78290757142857,0.470856142857143,7
2023,46,202346,2023-11-12,2023-11-16,2023-11-18,1.67518414285714,3.90605585714286,0.508159428571429,7
2023,47,202347,2023-11-19,2023-11-23,2023-11-25,1.758181375,3.965439,0.572042,7
2023,48,202348,2023-11-26,2023-11-30,2023-12-02,1.73404518622449,3.9401503877551,0.538771183673469,7
2023,49,202349,2023-12-03,2023-12-07,2023-12-09,1.68204814285714,3.78735387755102,0.38915687755102,7
2023,50,202350,2023-12-10,2023-12-14,2023-12-16,1.5759047244898,3.39476302040816,0.37810443877551,7
2023,51,202351,2023-12-17,2023-12-21,2023-12-23,1.48622828571429,2.86432085714286,0.335674142857143,7
2023,52,202352,2023-12-24,2023-12-28,2023-12-30,1.491180875,2.446673625,0.38387575,7
2024,1,202401,2023-12-31,2024-01-04,2024-01-06,1.46757805357143,2.12504730357143,0.482699178571429,7
2024,2,202402,2024-01-07,2024-01-11,2024-01-13,1.269503,1.89220128571429,0.722310857142857,7
2024,3,202403,2024-01-14,2024-01-18,2024-01-20,1.068041,1.56916842857143,1.01406285714286,7
2024,4,202404,2024-01-21,2024-01-25,2024-01-27,0.967960714285714,1.39952985714286,1.08752771428571,7
2024,5,202405,2024-01-28,2024-02-01,2024-02-03,1.03242942857143,1.295235,0.927442,7
2024,6,202406,2024-02-04,2024-02-08,2024-02-10,1.07441942857143,1.33105614285714,0.877711142857143,7
2024,7,202407,2024-02-11,2024-02-15,2024-02-17,0.976486714285714,1.60390228571429,1.089903,7
2024,8,202408,2024-02-18,2024-02-22,2024-02-24,0.847891714285714,1.81634257142857,0.979350285714286,7
2024,9,202409,2024-02-25,2024-02-29,2024-03-02,0.784271857142857,1.84543028571429,0.496660571428571,7
2024,10,202410,2024-03-03,2024-03-07,2024-03-09,0.697108,1.616044,0.157907,7
2024,11,202411,2024-03-10,2024-03-14,2024-03-16,0.498971571428571,1.340935,0.274798571428571,7
2024,12,202412,2024-03-17,2024-03-21,2024-03-23,0.411852714285714,1.25155028571429,0.566886857142857,7
2024,13,202413,2024-03-24,2024-03-28,2024-03-30,0.410432857142857,1.500207,0.476988571428571,7
2024,14,202414,2024-03-31,2024-04-04,2024-04-06,0.398843428571429,1.90373214285714,0.242380714285714,7
2024,15,202415,2024-04-07,2024-04-11,2024-04-13,0.402223285714286,1.93297771428571,0.320198,7
2024,16,202416,2024-04-14,2024-04-18,2024-04-20,0.387625714285714,1.75150728571429,0.492391285714286,7
2024,17,202417,2024-04-21,2024-04-25,2024-04-27,0.304713142857143,1.49219885714286,0.376915,7
2024,18,202418,2024-04-28,2024-05-02,2024-05-04,0.231577857142857,1.39926957142857,0.293774857142857,7
2024,19,202419,2024-05-05,2024-05-09,2024-05-11,0.203305571428571,1.378841,0.458560714285714,7
2024,20,202420,2024-05-12,2024-05-16,2024-05-18,0.237235714285714,1.05605171428571,0.711263857142857,7
2024,21,202421,2024-05-19,2024-05-23,2024-05-25,0.289944,0.804050142857143,0.737715571428571,7
2024,22,202422,2024-05-26,2024-05-30,2024-06-01,0.252981714285714,0.696011,0.526178571428571,7
2024,23,202423,2024-06-02,2024-06-06,2024-06-08,0.190692428571429,0.565676857142857,0.385327571428571,7
2024,24,202424,2024-06-09,2024-06-13,2024-06-15,0.210679285714286,0.343514571428571,0.421858285714286,7
2024,25,202425,2024-06-16,2024-06-20,2024-06-22,0.170397142857143,0.24846,0.418559142857143,7
2024,26,202426,2024-06-23,2024-06-27,2024-06-29,0.038821,0.232235571428571,0.355552428571429,7
2024,27,202427,2024-06-30,2024-07-04,2024-07-06,-0.0654492857142857,0.185186142857143,0.357021571428571,7
2024,28,202428,2024-07-07,2024-07-11,2024-07-13,0.0236582857142857,0.352923428571429,0.424154857142857,7
2024,29,202429,2024-07-14,2024-07-18,2024-07-20,0.0544774285714286,0.613645142857143,0.467622428571429,7
2024,30,202430,2024-07-21,2024-07-25,2024-07-27,0.0818748571428571,0.911406714285714,0.625222714285714,7
2024,31,202431,2024-07-28,2024-08-01,2024-08-03,0.086971,0.907543285714286,0.734942714285714,7
2024,32,202432,2024-08-04,2024-08-08,2024-08-10,0.0666055714285714,0.721399285714286,0.721772857142857,7
2024,33,202433,2024-08-11,2024-08-15,2024-08-17,0.0888642857142857,0.702138285714286,0.610081428571429,7
2024,34,202434,2024-08-18,2024-08-22,2024-08-24,0.0344485714285714,0.576200142857143,0.568240285714286,7
2024,35,202435,2024-08-25,2024-08-29,2024-08-31,-0.0294642857142857,0.400951285714286,0.605880142857143,7
2024,36,202436,2024-09-01,2024-09-05,2024-09-07,-0.073898,0.344530142857143,0.593675428571429,7
2024,37,202437,2024-09-08,2024-09-12,2024-09-14,-0.0823182857142857,0.396214857142857,0.578666714285714,7
2024,38,202438,2024-09-15,2024-09-19,2024-09-21,-0.0786084285714286,0.402629571428571,0.421968857142857,7
2024,39,202439,2024-09-22,2024-09-26,2024-09-28,-0.0532147142857143,0.334348142857143,0.408748142857143,7
2024,40,202440,2024-09-29,2024-10-03,2024-10-05,-0.0208551428571429,0.300271714285714,0.588184714285714,7
2024,41,202441,2024-10-06,2024-10-10,2024-10-12,-0.0298051428571429,0.232826857142857,0.624262714285714,7
2024,42,202442,2024-10-13,2024-10-17,2024-10-19,-0.0950711428571429,-0.0148095714285714,0.554792714285714,7
2024,43,202443,2024-10-20,2024-10-24,2024-10-26,-0.194203571428571,-0.259126428571429,0.414999142857143,7
2024,44,202444,2024-10-27,2024-10-31,2024-11-02,-0.183153571428571,-0.263677428571429,0.211139142857143,7
2024,45,202445,2024-11-03,2024-11-07,2024-11-09,-0.150386428571429,-0.162104,0.0416555714285714,7
2024,46,202446,2024-11-10,2024-11-14,2024-11-16,-0.206617428571429,-0.273485285714286,-0.00427314285714287,7
2024,47,202447,2024-11-17,2024-11-21,2024-11-23,-0.234923142857143,-0.509373,0.0441042857142857,7
2024,48,202448,2024-11-24,2024-11-28,2024-11-30,-0.307459285714286,-0.888186428571429,0.202193428571429,7
2024,49,202449,2024-12-01,2024-12-05,2024-12-07,-0.426671142857143,-1.26469214285714,0.427125142857143,7
2024,50,202450,2024-12-08,2024-12-12,2024-12-14,-0.529724428571429,-1.52972428571429,0.446231571428571,7
2024,51,202451,2024-12-15,2024-12-19,2024-12-21,-0.604622285714286,-1.56316428571429,0.406397714285714,7
2024,52,202452,2024-12-22,2024-12-26,2024-12-28,-0.619966714285714,-1.58735171428571,0.479043428571429,7
2025,1,202501,2024-12-29,2025-01-02,2025-01-04,-0.582724428571429,-1.77313385714286,0.637776857142857,7
2025,2,202502,2025-01-05,2025-01-09,2025-01-11,-0.579347571428571,-1.90549514285714,0.767900428571429,7
2025,3,202503,2025-01-12,2025-01-16,2025-01-18,-0.650407875,-1.802877,0.812774125,7
2025,4,202504,2025-01-19,2025-01-23,2025-01-25,-0.723395808673469,-1.71090628571429,0.646309640306122,7
2025,5,202505,2025-01-26,2025-01-30,2025-02-01,-0.762453857142857,-1.7509473877551,0.619109632653061,7
2025,6,202506,2025-02-02,2025-02-06,2025-02-08,-0.780024530612245,-1.93384375510204,0.686568602040816,7
2025,7,202507,2025-02-09,2025-02-13,2025-02-15,-0.800468428571429,-1.80512628571429,0.487133285714286,7
2025,8,202508,2025-02-16,2025-02-20,2025-02-22,-0.781915714285714,-1.53772557142857,0.320290857142857,7
2025,9,202509,2025-02-23,2025-02-27,2025-03-01,-0.76260375,-1.323918125,0.2663555,7
2025,10,202510,2025-03-02,2025-03-06,2025-03-08,-0.694542375,-1.2181878125,0.13811675,2
